,in_amount_mmol,p_amount_mmol,sol_amount_ml,TOP_amount_mmol,acid_amount_mmol,amine_amount_mmol,thiol_amount_mmol,zinc_amount_mmol,other_amount_mmol,total_volume_ml,temp_c,time_min,x0_chloroindium oxalate,x0_indium acetate,x0_indium chloride,x0_indium iodide,x0_indium laurate,x0_indium myristate,x0_indium oxalate,x0_indium stearate,x0_indium trifluoroacetate,x1_phosphine gas,x1_phosphorus trichloride,x1_sodium phosphide,x1_tris(diethylamino)phosphine,x1_tris(dimethylamino)phosphine,x1_tris(trimethylgermyl)phosphine,x1_tris(trimethylsilyl)phosphine,x1_white phosphorus,x2_None,x2_dimethylformamide,x2_octadecene,x2_toluene,x3_None,x3_trioctylphosphine,x4_None,x4_lauric acid,x4_myristic acid,x4_oleic acid,x4_palmitic acid,x4_stearic acid,x5_None,x5_dioctylamine,x5_dodecylamine,x5_hexadecylamine,x5_octylamine,x5_oleylamine,x6_None,x6_dodecanethiol,x7_None,x7_zinc acetate,x7_zinc bromide,x7_zinc chloride,x7_zinc iodide,x7_zinc octanoate,x7_zinc oleate,x7_zinc stearate,x7_zinc undecylenate,x8_None,x8_copper bromide,x8_dioctyl ether,x8_oleic acid,x8_trioctylphosphine oxide,x8_zinc iodide,emission_nm
0,-0.561681908838792,-0.6134461675660519,-0.3869934326293637,-0.3250529341283156,-0.2905696474632029,-0.43060417409477203,0.10155204606657268,-0.6086884697933646,-0.19621147357991592,-0.5214501764525724,1.3576833919514235,-0.29178646124259583,0.0,0.0,0.0,0.0,0.0,1.0,0.0,0.0,0.0,0.0,0.0,0.0,0.0,0.0,0.0,1.0,0.0,0.0,0.0,1.0,0.0,1.0,0.0,1.0,0.0,0.0,0.0,0.0,0.0,1.0,0.0,0.0,0.0,0.0,0.0,0.0,1.0,0.0,0.0,0.0,0.0,0.0,0.0,0.0,1.0,0.0,1.0,0.0,0.0,0.0,0.0,0.0,481
1,7.724305611148263,7.876585943258457,3.8705054541930894,-0.3250529341283156,-0.2905696474632029,-0.43060417409477203,-0.2836453700480133,-0.7189944527872196,-0.19621147357991592,3.9987703921508237,-1.504118447092092,-0.20651159876874495,0.0,0.0,1.0,0.0,0.0,0.0,0.0,0.0,0.0,0.0,0.0,1.0,0.0,0.0,0.0,0.0,0.0,0.0,1.0,0.0,0.0,1.0,0.0,1.0,0.0,0.0,0.0,0.0,0.0,1.0,0.0,0.0,0.0,0.0,0.0,1.0,0.0,1.0,0.0,0.0,0.0,0.0,0.0,0.0,0.0,0.0,1.0,0.0,0.0,0.0,0.0,0.0,550
2,-0.26874295611197685,1.1906856559841559,-0.8023591776852127,-0.3250529341283156,-0.2905696474632029,0.4791513654902165,-0.2836453700480133,1.7077371730775948,-0.19621147357991592,-0.8515848396325151,-0.6864607787939448,-0.3012614459619126,0.0,0.0,1.0,0.0,0.0,0.0,0.0,0.0,0.0,0.0,0.0,0.0,0.0,1.0,0.0,0.0,0.0,1.0,0.0,0.0,0.0,1.0,0.0,1.0,0.0,0.0,0.0,0.0,0.0,0.0,0.0,0.0,0.0,0.0,1.0,1.0,0.0,0.0,0.0,0.0,1.0,0.0,0.0,0.0,0.0,0.0,1.0,0.0,0.0,0.0,0.0,0.0,592
3,-0.3942882215663262,-0.4625964898826521,-0.8023591776852127,-0.3250529341283156,-0.2905696474632029,0.1699824097613341,-0.2836453700480133,0.9025034972224516,-0.19621147357991592,-0.8895161436184539,-1.0952896129430185,-0.29178646124259583,0.0,0.0,0.0,1.0,0.0,0.0,0.0,0.0,0.0,0.0,0.0,0.0,0.0,0.0,0.0,0.0,1.0,1.0,0.0,0.0,0.0,1.0,0.0,1.0,0.0,0.0,0.0,0.0,0.0,0.0,0.0,0.0,0.0,0.0,1.0,1.0,0.0,0.0,0.0,0.0,0.0,1.0,0.0,0.0,0.0,0.0,1.0,0.0,0.0,0.0,0.0,0.0,482
4,-0.3942882215663262,-0.3481326641027859,-0.8023591776852127,-0.3250529341283156,-0.2905696474632029,0.1699824097613341,-0.2836453700480133,0.9025034972224516,-0.19621147357991592,-0.8895161436184539,-1.7085328641666289,-0.29178646124259583,0.0,0.0,1.0,0.0,0.0,0.0,0.0,0.0,0.0,0.0,0.0,0.0,0.0,0.0,0.0,0.0,1.0,1.0,0.0,0.0,0.0,1.0,0.0,1.0,0.0,0.0,0.0,0.0,0.0,0.0,0.0,0.0,0.0,0.0,1.0,1.0,0.0,0.0,0.0,0.0,1.0,0.0,0.0,0.0,0.0,0.0,1.0,0.0,0.0,0.0,0.0,0.0,529
5,-0.3942882215663262,-0.3481326641027859,-0.8023591776852127,-0.3250529341283156,-0.2905696474632029,0.1699824097613341,-0.2836453700480133,0.9025034972224516,-0.19621147357991592,-0.8895161436184539,-1.0952896129430185,-0.29178646124259583,0.0,0.0,1.0,0.0,0.0,0.0,0.0,0.0,0.0,0.0,0.0,0.0,0.0,0.0,0.0,0.0,1.0,1.0,0.0,0.0,0.0,1.0,0.0,1.0,0.0,0.0,0.0,0.0,0.0,0.0,0.0,0.0,0.0,0.0,1.0,1.0,0.0,0.0,0.0,0.0,1.0,0.0,0.0,0.0,0.0,0.0,1.0,0.0,0.0,0.0,0.0,0.0,555
6,-0.3942882215663262,-0.3481326641027859,-0.8023591776852127,-0.3250529341283156,-0.2905696474632029,-0.3122619900837166,-0.2836453700480133,0.9025034972224516,-0.19621147357991592,-0.9486184079686373,-1.0952896129430185,-0.29178646124259583,0.0,0.0,1.0,0.0,0.0,0.0,0.0,0.0,0.0,0.0,0.0,0.0,0.0,0.0,0.0,0.0,1.0,1.0,0.0,0.0,0.0,1.0,0.0,1.0,0.0,0.0,0.0,0.0,0.0,0.0,0.0,0.0,0.0,0.0,1.0,1.0,0.0,0.0,0.0,0.0,1.0,0.0,0.0,0.0,0.0,0.0,1.0,0.0,0.0,0.0,0.0,0.0,595
7,-0.3942882215663262,-0.3481326641027859,-0.8023591776852127,-0.3250529341283156,-0.2905696474632029,-0.3122619900837166,-0.2836453700480133,0.9025034972224516,-0.19621147357991592,-0.9486184079686373,-0.48204636171940796,-0.29178646124259583,0.0,0.0,1.0,0.0,0.0,0.0,0.0,0.0,0.0,0.0,0.0,0.0,0.0,0.0,0.0,0.0,1.0,1.0,0.0,0.0,0.0,1.0,0.0,1.0,0.0,0.0,0.0,0.0,0.0,0.0,0.0,0.0,0.0,0.0,1.0,1.0,0.0,0.0,0.0,0.0,1.0,0.0,0.0,0.0,0.0,0.0,1.0,0.0,0.0,0.0,0.0,0.0,635
8,-0.26874295611197685,0.7707322819308722,-0.8023591776852127,-0.3250529341283156,-0.2905696474632029,0.6640610280074907,-0.2836453700480133,1.7077371730775948,-0.19621147357991592,-0.8289252961176593,-1.2997040300175553,-0.31073643068122936,0.0,0.0,1.0,0.0,0.0,0.0,0.0,0.0,0.0,0.0,0.0,0.0,0.0,1.0,0.0,0.0,0.0,1.0,0.0,0.0,0.0,1.0,0.0,1.0,0.0,0.0,0.0,0.0,0.0,0.0,0.0,0.0,0.0,0.0,1.0,1.0,0.0,0.0,0.0,0.0,0.0,1.0,0.0,0.0,0.0,0.0,1.0,0.0,0.0,0.0,0.0,0.0,518
9,-0.26874295611197685,0.7707322819308722,-0.8023591776852127,-0.3250529341283156,-0.2905696474632029,0.6640610280074907,-0.2836453700480133,1.7077371730775948,-0.19621147357991592,-0.8289252961176593,-1.2997040300175553,-0.31073643068122936,0.0,0.0,1.0,0.0,0.0,0.0,0.0,0.0,0.0,0.0,0.0,0.0,0.0,1.0,0.0,0.0,0.0,1.0,0.0,0.0,0.0,1.0,0.0,1.0,0.0,0.0,0.0,0.0,0.0,0.0,0.0,0.0,0.0,0.0,1.0,1.0,0.0,0.0,0.0,0.0,1.0,0.0,0.0,0.0,0.0,0.0,1.0,0.0,0.0,0.0,0.0,0.0,628
10,-0.26874295611197685,0.7737644362561666,-0.8023591776852127,-0.3250529341283156,-0.2905696474632029,1.8178973221152808,-0.2836453700480133,1.7077371730775948,0.2025304819270288,-0.6873996313910541,-0.6864607787939448,-0.26336150708464556,0.0,0.0,1.0,0.0,0.0,0.0,0.0,0.0,0.0,0.0,0.0,0.0,0.0,1.0,0.0,0.0,0.0,1.0,0.0,0.0,0.0,1.0,0.0,1.0,0.0,0.0,0.0,0.0,0.0,0.0,0.0,0.0,0.0,0.0,1.0,1.0,0.0,0.0,0.0,0.0,1.0,0.0,0.0,0.0,0.0,0.0,0.0,1.0,0.0,0.0,0.0,0.0,422
11,-0.26874295611197685,0.7737644362561666,-0.8023591776852127,-0.3250529341283156,-0.2905696474632029,1.8178973221152808,-0.2836453700480133,1.7077371730775948,-0.19621147357991592,-0.6873996313910541,-0.6864607787939448,-0.26336150708464556,0.0,0.0,1.0,0.0,0.0,0.0,0.0,0.0,0.0,0.0,0.0,0.0,0.0,1.0,0.0,0.0,0.0,1.0,0.0,0.0,0.0,1.0,0.0,1.0,0.0,0.0,0.0,0.0,0.0,0.0,0.0,0.0,0.0,0.0,1.0,1.0,0.0,0.0,0.0,0.0,1.0,0.0,0.0,0.0,0.0,0.0,1.0,0.0,0.0,0.0,0.0,0.0,625
12,-0.22689453429386044,1.3953560729415324,-0.8023591776852127,-0.3250529341283156,-0.2905696474632029,0.4791513654902165,-0.2836453700480133,0.9355952921206082,0.24683514365002265,-0.8515848396325151,-1.0952896129430185,-0.29178646124259583,0.0,0.0,1.0,0.0,0.0,0.0,0.0,0.0,0.0,0.0,0.0,0.0,0.0,1.0,0.0,0.0,0.0,1.0,0.0,0.0,0.0,1.0,0.0,1.0,0.0,0.0,0.0,0.0,0.0,0.0,0.0,0.0,0.0,0.0,1.0,1.0,0.0,0.0,0.0,0.0,1.0,0.0,0.0,0.0,0.0,0.0,0.0,0.0,0.0,0.0,0.0,1.0,560
13,0.1915896838873039,0.06878855562520321,-0.8023591776852127,-0.3250529341283156,-0.2905696474632029,-0.43060417409477203,3.568328791097847,1.4871252070898842,-0.19621147357991592,-0.9565575181052289,1.3576833919514235,-0.29178646124259583,0.0,1.0,0.0,0.0,0.0,0.0,0.0,0.0,0.0,0.0,0.0,0.0,0.0,0.0,0.0,1.0,0.0,1.0,0.0,0.0,0.0,1.0,0.0,1.0,0.0,0.0,0.0,0.0,0.0,1.0,0.0,0.0,0.0,0.0,0.0,0.0,1.0,0.0,0.0,0.0,0.0,0.0,0.0,0.0,1.0,0.0,1.0,0.0,0.0,0.0,0.0,0.0,480
14,-0.4528760121116892,-0.08281916063952009,-0.8023591776852127,-0.3250529341283156,-0.2905696474632029,0.6788538010088725,-0.2836453700480133,0.49437136014518757,-0.19621147357991592,-0.827105916711357,-1.0952896129430185,-0.3012614459619126,0.0,0.0,1.0,0.0,0.0,0.0,0.0,0.0,0.0,0.0,0.0,0.0,1.0,0.0,0.0,0.0,0.0,1.0,0.0,0.0,0.0,1.0,0.0,1.0,0.0,0.0,0.0,0.0,0.0,0.0,0.0,0.0,0.0,0.0,1.0,1.0,0.0,0.0,0.0,0.0,1.0,0.0,0.0,0.0,0.0,0.0,1.0,0.0,0.0,0.0,0.0,0.0,618
15,-0.26874295611197685,0.5236117044193733,-0.8023591776852127,-0.3250529341283156,-0.2905696474632029,4.4510109163612634,-0.2836453700480133,1.7077371730775948,-0.19621147357991592,-0.3645424858363205,-1.7085328641666289,-0.29178646124259583,0.0,0.0,1.0,0.0,0.0,0.0,0.0,0.0,0.0,0.0,0.0,0.0,1.0,0.0,0.0,0.0,0.0,1.0,0.0,0.0,0.0,1.0,0.0,1.0,0.0,0.0,0.0,0.0,0.0,0.0,0.0,0.0,0.0,0.0,1.0,1.0,0.0,0.0,0.0,0.0,0.0,1.0,0.0,0.0,0.0,0.0,1.0,0.0,0.0,0.0,0.0,0.0,502
16,-0.26874295611197685,0.5236117044193733,-0.8023591776852127,-0.3250529341283156,-0.2905696474632029,1.7883117761125171,-0.2836453700480133,1.7077371730775948,-0.19621147357991592,-0.6910383902036585,-1.0952896129430185,-0.29178646124259583,0.0,0.0,1.0,0.0,0.0,0.0,0.0,0.0,0.0,0.0,0.0,0.0,1.0,0.0,0.0,0.0,0.0,1.0,0.0,0.0,0.0,1.0,0.0,1.0,0.0,0.0,0.0,0.0,0.0,0.0,0.0,0.0,0.0,0.0,1.0,1.0,0.0,0.0,0.0,0.0,0.0,1.0,0.0,0.0,0.0,0.0,1.0,0.0,0.0,0.0,0.0,0.0,507
17,-0.26874295611197685,0.5236117044193733,-0.8023591776852127,-0.3250529341283156,-0.2905696474632029,1.7883117761125171,-0.2836453700480133,1.7077371730775948,-0.19621147357991592,-0.6910383902036585,-1.0952896129430185,-0.29178646124259583,0.0,0.0,1.0,0.0,0.0,0.0,0.0,0.0,0.0,0.0,0.0,0.0,1.0,0.0,0.0,0.0,0.0,1.0,0.0,0.0,0.0,1.0,0.0,1.0,0.0,0.0,0.0,0.0,0.0,0.0,0.0,0.0,0.0,0.0,1.0,1.0,0.0,0.0,0.0,1.0,0.0,0.0,0.0,0.0,0.0,0.0,1.0,0.0,0.0,0.0,0.0,0.0,531
18,-0.26874295611197685,0.5236117044193733,-0.8023591776852127,-0.3250529341283156,-0.2905696474632029,4.4510109163612634,-0.2836453700480133,1.7077371730775948,-0.19621147357991592,-0.3645424858363205,-1.7085328641666289,-0.29178646124259583,0.0,0.0,1.0,0.0,0.0,0.0,0.0,0.0,0.0,0.0,0.0,0.0,1.0,0.0,0.0,0.0,0.0,1.0,0.0,0.0,0.0,1.0,0.0,1.0,0.0,0.0,0.0,0.0,0.0,0.0,0.0,0.0,0.0,0.0,1.0,1.0,0.0,0.0,0.0,1.0,0.0,0.0,0.0,0.0,0.0,0.0,1.0,0.0,0.0,0.0,0.0,0.0,538
19,-0.26874295611197685,0.5236117044193733,-0.8023591776852127,-0.3250529341283156,-0.2905696474632029,4.4510109163612634,-0.2836453700480133,1.7077371730775948,-0.19621147357991592,-0.3645424858363205,-1.7085328641666289,-0.29178646124259583,0.0,0.0,1.0,0.0,0.0,0.0,0.0,0.0,0.0,0.0,0.0,0.0,1.0,0.0,0.0,0.0,0.0,1.0,0.0,0.0,0.0,1.0,0.0,1.0,0.0,0.0,0.0,0.0,0.0,0.0,0.0,0.0,0.0,0.0,1.0,1.0,0.0,0.0,0.0,0.0,1.0,0.0,0.0,0.0,0.0,0.0,1.0,0.0,0.0,0.0,0.0,0.0,606
20,-0.26874295611197685,0.5236117044193733,-0.8023591776852127,-0.3250529341283156,-0.2905696474632029,1.7883117761125171,-0.2836453700480133,1.7077371730775948,-0.19621147357991592,-0.6910383902036585,-1.0952896129430185,-0.29178646124259583,0.0,0.0,1.0,0.0,0.0,0.0,0.0,0.0,0.0,0.0,0.0,0.0,1.0,0.0,0.0,0.0,0.0,1.0,0.0,0.0,0.0,1.0,0.0,1.0,0.0,0.0,0.0,0.0,0.0,0.0,0.0,0.0,0.0,0.0,1.0,1.0,0.0,0.0,0.0,0.0,1.0,0.0,0.0,0.0,0.0,0.0,1.0,0.0,0.0,0.0,0.0,0.0,607
21,-0.3942882215663262,-0.18894456202482643,-0.8023591776852127,-0.3250529341283156,-0.2905696474632029,0.4569622059881436,-0.2836453700480133,0.08623922306792321,-0.19621147357991592,-0.8542863423873276,-1.0952896129430185,-0.3183164184566828,0.0,0.0,0.0,1.0,0.0,0.0,0.0,0.0,0.0,0.0,0.0,0.0,0.0,1.0,0.0,0.0,0.0,1.0,0.0,0.0,0.0,1.0,0.0,1.0,0.0,0.0,0.0,0.0,0.0,0.0,0.0,0.0,0.0,0.0,1.0,1.0,0.0,0.0,0.0,0.0,1.0,0.0,0.0,0.0,0.0,0.0,1.0,0.0,0.0,0.0,0.0,0.0,530
22,-0.059500847021394736,-0.42393652223514766,1.2744695475940324,-0.3250529341283156,0.7290194363258337,-0.43060417409477203,-0.2836453700480133,-0.7189944527872196,-0.19621147357991592,1.2421349280564464,0.744440140727813,-0.14966169045284436,0.0,1.0,0.0,0.0,0.0,0.0,0.0,0.0,0.0,0.0,0.0,0.0,0.0,0.0,0.0,1.0,0.0,0.0,0.0,1.0,0.0,1.0,0.0,0.0,0.0,0.0,0.0,1.0,0.0,1.0,0.0,0.0,0.0,0.0,0.0,1.0,0.0,1.0,0.0,0.0,0.0,0.0,0.0,0.0,0.0,0.0,1.0,0.0,0.0,0.0,0.0,0.0,591
23,-0.3942882215663262,-0.5755442384998709,-0.5946763051572882,0.05234920703298673,-0.2905696474632029,-0.43060417409477203,-0.2836453700480133,-0.7189944527872196,-0.19621147357991592,-0.6875098968096178,-0.48204636171940796,-0.3012614459619126,0.0,0.0,0.0,0.0,0.0,1.0,0.0,0.0,0.0,0.0,0.0,0.0,0.0,0.0,0.0,1.0,0.0,0.0,0.0,1.0,0.0,0.0,1.0,1.0,0.0,0.0,0.0,0.0,0.0,1.0,0.0,0.0,0.0,0.0,0.0,1.0,0.0,1.0,0.0,0.0,0.0,0.0,0.0,0.0,0.0,0.0,1.0,0.0,0.0,0.0,0.0,0.0,612
24,-0.22689453429386044,-0.31023073503660514,0.9629452388021457,-0.3250529341283156,0.4377082695289661,-0.43060417409477203,-0.2836453700480133,-0.7189944527872196,2.4620682297997156,0.961013243428102,0.33561130657873933,-0.09281178213694376,0.0,1.0,0.0,0.0,0.0,0.0,0.0,0.0,0.0,0.0,1.0,0.0,0.0,0.0,0.0,0.0,0.0,0.0,0.0,1.0,0.0,1.0,0.0,0.0,0.0,0.0,0.0,0.0,1.0,1.0,0.0,0.0,0.0,0.0,0.0,1.0,0.0,1.0,0.0,0.0,0.0,0.0,0.0,0.0,0.0,0.0,0.0,0.0,1.0,0.0,0.0,0.0,618
25,-0.3942882215663262,-0.5755442384998709,-0.5946763051572882,0.05234920703298673,-0.2905696474632029,-0.43060417409477203,-0.2836453700480133,-0.7189944527872196,-0.19621147357991592,-0.6875098968096178,-0.48204636171940796,-0.3012614459619126,0.0,0.0,0.0,0.0,0.0,1.0,0.0,0.0,0.0,0.0,0.0,0.0,0.0,0.0,1.0,0.0,0.0,0.0,0.0,1.0,0.0,0.0,1.0,1.0,0.0,0.0,0.0,0.0,0.0,1.0,0.0,0.0,0.0,0.0,0.0,1.0,0.0,1.0,0.0,0.0,0.0,0.0,0.0,0.0,0.0,0.0,1.0,0.0,0.0,0.0,0.0,0.0,641
26,-0.3105913779300933,-0.5376423094336902,-0.46487450982733536,-0.3250529341283156,0.5348119917945886,-0.20575402447376676,-0.2836453700480133,-0.7189944527872196,-0.19621147357991592,-0.5909173901477508,-1.0952896129430185,-0.31073643068122936,0.0,1.0,0.0,0.0,0.0,0.0,0.0,0.0,0.0,0.0,0.0,0.0,0.0,0.0,0.0,1.0,0.0,0.0,0.0,1.0,0.0,1.0,0.0,0.0,0.0,1.0,0.0,0.0,0.0,0.0,0.0,0.0,0.0,1.0,0.0,1.0,0.0,1.0,0.0,0.0,0.0,0.0,0.0,0.0,0.0,0.0,1.0,0.0,0.0,0.0,0.0,0.0,588
27,0.1915896838873039,-0.31098877361792876,3.091694682213372,-0.3250529341283156,1.165986186521135,-0.43060417409477203,-0.2836453700480133,-0.7189944527872196,-0.19621147357991592,3.171779752922511,0.744440140727813,-0.14966169045284436,0.0,1.0,0.0,0.0,0.0,0.0,0.0,0.0,0.0,0.0,0.0,0.0,0.0,0.0,0.0,1.0,0.0,0.0,0.0,1.0,0.0,1.0,0.0,0.0,0.0,1.0,0.0,0.0,0.0,1.0,0.0,0.0,0.0,0.0,0.0,1.0,0.0,1.0,0.0,0.0,0.0,0.0,0.0,0.0,0.0,0.0,1.0,0.0,0.0,0.0,0.0,0.0,630
28,-0.5533122244751686,-0.6134461675660519,-0.4389141507613448,-0.3250529341283156,-0.1449140640647691,-0.43060417409477203,-0.2836453700480133,-0.7189944527872196,-0.19621147357991592,-0.5772444782458427,0.744440140727813,-0.09281178213694376,0.0,0.0,0.0,0.0,0.0,0.0,0.0,0.0,1.0,0.0,0.0,0.0,0.0,0.0,0.0,1.0,0.0,0.0,0.0,1.0,0.0,1.0,0.0,0.0,0.0,1.0,0.0,0.0,0.0,1.0,0.0,0.0,0.0,0.0,0.0,1.0,0.0,1.0,0.0,0.0,0.0,0.0,0.0,0.0,0.0,0.0,1.0,0.0,0.0,0.0,0.0,0.0,590
29,-0.22689453429386044,-0.4997403803675093,1.482152420121957,-0.3250529341283156,-0.2905696474632029,-0.43060417409477203,-0.2836453700480133,-0.7189944527872196,-0.19621147357991592,1.4626657651839967,0.23340409804147091,-0.3154739230408878,0.0,0.0,0.0,0.0,1.0,0.0,0.0,0.0,0.0,0.0,0.0,0.0,0.0,0.0,0.0,1.0,0.0,0.0,0.0,1.0,0.0,1.0,0.0,1.0,0.0,0.0,0.0,0.0,0.0,1.0,0.0,0.0,0.0,0.0,0.0,1.0,0.0,1.0,0.0,0.0,0.0,0.0,0.0,0.0,0.0,0.0,1.0,0.0,0.0,0.0,0.0,0.0,552
30,-0.22689453429386044,-0.4997403803675093,1.482152420121957,-0.3250529341283156,-0.2905696474632029,-0.43060417409477203,-0.2836453700480133,-0.7189944527872196,-0.19621147357991592,1.4626657651839967,0.23340409804147091,-0.31073643068122936,0.0,0.0,0.0,0.0,1.0,0.0,0.0,0.0,0.0,0.0,0.0,0.0,0.0,0.0,0.0,1.0,0.0,0.0,0.0,1.0,0.0,1.0,0.0,1.0,0.0,0.0,0.0,0.0,0.0,1.0,0.0,0.0,0.0,0.0,0.0,1.0,0.0,1.0,0.0,0.0,0.0,0.0,0.0,0.0,0.0,0.0,1.0,0.0,0.0,0.0,0.0,0.0,562
31,-0.3942882215663262,-0.5755442384998709,-0.5946763051572882,0.05234920703298673,-0.2905696474632029,-0.43060417409477203,-0.2836453700480133,-0.7189944527872196,-0.19621147357991592,-0.6875098968096178,-0.48204636171940796,-0.31073643068122936,0.0,0.0,0.0,0.0,0.0,1.0,0.0,0.0,0.0,0.0,0.0,0.0,0.0,0.0,0.0,1.0,0.0,0.0,0.0,1.0,0.0,0.0,1.0,1.0,0.0,0.0,0.0,0.0,0.0,1.0,0.0,0.0,0.0,0.0,0.0,1.0,0.0,1.0,0.0,0.0,0.0,0.0,0.0,0.0,0.0,0.0,1.0,0.0,0.0,0.0,0.0,0.0,572
32,-0.22689453429386044,-0.4997403803675093,1.482152420121957,-0.3250529341283156,-0.2905696474632029,-0.43060417409477203,-0.2836453700480133,-0.7189944527872196,-0.19621147357991592,1.4626657651839967,0.23340409804147091,-0.305998938321571,0.0,0.0,0.0,0.0,1.0,0.0,0.0,0.0,0.0,0.0,0.0,0.0,0.0,0.0,0.0,1.0,0.0,0.0,0.0,1.0,0.0,1.0,0.0,1.0,0.0,0.0,0.0,0.0,0.0,1.0,0.0,0.0,0.0,0.0,0.0,1.0,0.0,1.0,0.0,0.0,0.0,0.0,0.0,0.0,0.0,0.0,1.0,0.0,0.0,0.0,0.0,0.0,575
33,-0.3942882215663262,-0.5755442384998709,-0.5946763051572882,0.05234920703298673,-0.2905696474632029,-0.43060417409477203,-0.2836453700480133,-0.7189944527872196,-0.19621147357991592,-0.6875098968096178,-0.48204636171940796,-0.3069464367935027,0.0,0.0,0.0,0.0,0.0,1.0,0.0,0.0,0.0,0.0,0.0,0.0,0.0,0.0,0.0,1.0,0.0,0.0,0.0,1.0,0.0,0.0,1.0,1.0,0.0,0.0,0.0,0.0,0.0,1.0,0.0,0.0,0.0,0.0,0.0,1.0,0.0,1.0,0.0,0.0,0.0,0.0,0.0,0.0,0.0,0.0,1.0,0.0,0.0,0.0,0.0,0.0,581
34,-0.3942882215663262,-0.5755442384998709,-0.5946763051572882,0.05234920703298673,-0.2905696474632029,-0.43060417409477203,-0.2836453700480133,-0.7189944527872196,-0.19621147357991592,-0.6875098968096178,-0.48204636171940796,-0.31073643068122936,0.0,0.0,0.0,0.0,0.0,1.0,0.0,0.0,0.0,0.0,0.0,0.0,0.0,0.0,1.0,0.0,0.0,0.0,0.0,1.0,0.0,0.0,1.0,1.0,0.0,0.0,0.0,0.0,0.0,1.0,0.0,0.0,0.0,0.0,0.0,1.0,0.0,1.0,0.0,0.0,0.0,0.0,0.0,0.0,0.0,0.0,1.0,0.0,0.0,0.0,0.0,0.0,582
35,-0.22689453429386044,-0.4997403803675093,1.482152420121957,-0.3250529341283156,-0.2905696474632029,-0.43060417409477203,-0.2836453700480133,-0.7189944527872196,-0.19621147357991592,1.4626657651839967,0.23340409804147091,-0.14966169045284436,0.0,0.0,0.0,0.0,1.0,0.0,0.0,0.0,0.0,0.0,0.0,0.0,0.0,0.0,0.0,1.0,0.0,0.0,0.0,1.0,0.0,1.0,0.0,1.0,0.0,0.0,0.0,0.0,0.0,1.0,0.0,0.0,0.0,0.0,0.0,1.0,0.0,1.0,0.0,0.0,0.0,0.0,0.0,0.0,0.0,0.0,1.0,0.0,0.0,0.0,0.0,0.0,592
36,-0.3942882215663262,-0.5755442384998709,-0.5946763051572882,0.05234920703298673,-0.2905696474632029,-0.43060417409477203,-0.2836453700480133,-0.7189944527872196,-0.19621147357991592,-0.6875098968096178,-0.48204636171940796,-0.3069464367935027,0.0,0.0,0.0,0.0,0.0,1.0,0.0,0.0,0.0,0.0,0.0,0.0,0.0,0.0,1.0,0.0,0.0,0.0,0.0,1.0,0.0,0.0,1.0,1.0,0.0,0.0,0.0,0.0,0.0,1.0,0.0,0.0,0.0,0.0,0.0,1.0,0.0,1.0,0.0,0.0,0.0,0.0,0.0,0.0,0.0,0.0,1.0,0.0,0.0,0.0,0.0,0.0,601
37,-0.43613664338444263,-0.5944952030329613,1.482152420121957,-0.3250529341283156,-0.2905696474632029,-0.43060417409477203,-0.2836453700480133,-0.7189944527872196,-0.19621147357991592,1.4626657651839967,0.5400257236532762,-0.3192639169286145,0.0,0.0,0.0,0.0,0.0,0.0,0.0,1.0,0.0,0.0,0.0,0.0,0.0,0.0,0.0,1.0,0.0,0.0,0.0,1.0,0.0,1.0,0.0,1.0,0.0,0.0,0.0,0.0,0.0,1.0,0.0,0.0,0.0,0.0,0.0,1.0,0.0,1.0,0.0,0.0,0.0,0.0,0.0,0.0,0.0,0.0,1.0,0.0,0.0,0.0,0.0,0.0,607
38,-0.43613664338444263,-0.5944952030329613,1.482152420121957,-0.3250529341283156,-0.2905696474632029,-0.43060417409477203,-0.2836453700480133,-0.7189944527872196,-0.19621147357991592,1.4626657651839967,0.5400257236532762,-0.31784266922071697,0.0,0.0,0.0,0.0,0.0,0.0,0.0,1.0,0.0,0.0,0.0,0.0,0.0,0.0,0.0,1.0,0.0,0.0,0.0,1.0,0.0,1.0,0.0,1.0,0.0,0.0,0.0,0.0,0.0,1.0,0.0,0.0,0.0,0.0,0.0,1.0,0.0,1.0,0.0,0.0,0.0,0.0,0.0,0.0,0.0,0.0,1.0,0.0,0.0,0.0,0.0,0.0,635
39,-0.43613664338444263,-0.5944952030329613,1.482152420121957,-0.3250529341283156,-0.2905696474632029,-0.43060417409477203,-0.2836453700480133,-0.7189944527872196,-0.19621147357991592,1.4626657651839967,1.1532689748768867,-0.3192639169286145,0.0,0.0,0.0,0.0,0.0,0.0,0.0,1.0,0.0,0.0,0.0,0.0,0.0,0.0,0.0,1.0,0.0,0.0,0.0,1.0,0.0,1.0,0.0,1.0,0.0,0.0,0.0,0.0,0.0,1.0,0.0,0.0,0.0,0.0,0.0,1.0,0.0,1.0,0.0,0.0,0.0,0.0,0.0,0.0,0.0,0.0,1.0,0.0,0.0,0.0,0.0,0.0,669
40,-0.43613664338444263,-0.5944952030329613,1.482152420121957,-0.3250529341283156,-0.2905696474632029,-0.43060417409477203,-0.2836453700480133,-0.7189944527872196,-0.19621147357991592,1.4626657651839967,0.744440140727813,-0.3192639169286145,0.0,0.0,0.0,0.0,0.0,1.0,0.0,0.0,0.0,0.0,0.0,0.0,0.0,0.0,0.0,1.0,0.0,0.0,0.0,1.0,0.0,1.0,0.0,1.0,0.0,0.0,0.0,0.0,0.0,1.0,0.0,0.0,0.0,0.0,0.0,1.0,0.0,1.0,0.0,0.0,0.0,0.0,0.0,0.0,0.0,0.0,1.0,0.0,0.0,0.0,0.0,0.0,691
41,-0.43613664338444263,-0.5944952030329613,1.482152420121957,-0.3250529341283156,-0.2905696474632029,-0.43060417409477203,-0.2836453700480133,-0.7189944527872196,-0.19621147357991592,1.4626657651839967,1.1532689748768867,-0.31784266922071697,0.0,0.0,0.0,0.0,0.0,0.0,0.0,1.0,0.0,0.0,0.0,0.0,0.0,0.0,0.0,1.0,0.0,0.0,0.0,1.0,0.0,1.0,0.0,1.0,0.0,0.0,0.0,0.0,0.0,1.0,0.0,0.0,0.0,0.0,0.0,1.0,0.0,1.0,0.0,0.0,0.0,0.0,0.0,0.0,0.0,0.0,1.0,0.0,0.0,0.0,0.0,0.0,696
42,-0.43613664338444263,-0.5944952030329613,1.482152420121957,-0.3250529341283156,-0.2905696474632029,-0.43060417409477203,-0.2836453700480133,-0.7189944527872196,-0.19621147357991592,1.4626657651839967,1.1532689748768867,-0.3154739230408878,0.0,0.0,0.0,0.0,0.0,0.0,0.0,1.0,0.0,0.0,0.0,0.0,0.0,0.0,0.0,1.0,0.0,0.0,0.0,1.0,0.0,1.0,0.0,1.0,0.0,0.0,0.0,0.0,0.0,1.0,0.0,0.0,0.0,0.0,0.0,1.0,0.0,1.0,0.0,0.0,0.0,0.0,0.0,0.0,0.0,0.0,1.0,0.0,0.0,0.0,0.0,0.0,706
43,-0.43613664338444263,-0.5944952030329613,1.482152420121957,-0.3250529341283156,-0.2905696474632029,-0.43060417409477203,-0.2836453700480133,-0.7189944527872196,-0.19621147357991592,1.4626657651839967,1.1532689748768867,-0.31073643068122936,0.0,0.0,0.0,0.0,0.0,0.0,0.0,1.0,0.0,0.0,0.0,0.0,0.0,0.0,0.0,1.0,0.0,0.0,0.0,1.0,0.0,1.0,0.0,1.0,0.0,0.0,0.0,0.0,0.0,1.0,0.0,0.0,0.0,0.0,0.0,1.0,0.0,1.0,0.0,0.0,0.0,0.0,0.0,0.0,0.0,0.0,1.0,0.0,0.0,0.0,0.0,0.0,722
44,-0.43613664338444263,-0.5944952030329613,1.482152420121957,-0.3250529341283156,-0.2905696474632029,-0.43060417409477203,-0.2836453700480133,-0.7189944527872196,-0.19621147357991592,1.4626657651839967,1.1532689748768867,-0.3192639169286145,0.0,0.0,0.0,0.0,0.0,1.0,0.0,0.0,0.0,0.0,0.0,0.0,0.0,0.0,0.0,1.0,0.0,0.0,0.0,1.0,0.0,1.0,0.0,1.0,0.0,0.0,0.0,0.0,0.0,1.0,0.0,0.0,0.0,0.0,0.0,1.0,0.0,1.0,0.0,0.0,0.0,0.0,0.0,0.0,0.0,0.0,1.0,0.0,0.0,0.0,0.0,0.0,724
45,-0.43613664338444263,-0.5944952030329613,1.482152420121957,-0.3250529341283156,-0.2905696474632029,-0.43060417409477203,-0.2836453700480133,-0.7189944527872196,-0.19621147357991592,1.4626657651839967,1.1532689748768867,-0.305998938321571,0.0,0.0,0.0,0.0,0.0,0.0,0.0,1.0,0.0,0.0,0.0,0.0,0.0,0.0,0.0,1.0,0.0,0.0,0.0,1.0,0.0,1.0,0.0,1.0,0.0,0.0,0.0,0.0,0.0,1.0,0.0,0.0,0.0,0.0,0.0,1.0,0.0,1.0,0.0,0.0,0.0,0.0,0.0,0.0,0.0,0.0,1.0,0.0,0.0,0.0,0.0,0.0,725
46,-0.43613664338444263,-0.5944952030329613,1.482152420121957,-0.3250529341283156,-0.2905696474632029,-0.43060417409477203,-0.2836453700480133,-0.7189944527872196,-0.19621147357991592,1.4626657651839967,0.5400257236532762,-0.3192639169286145,0.0,0.0,0.0,0.0,0.0,1.0,0.0,0.0,0.0,0.0,0.0,0.0,0.0,0.0,0.0,1.0,0.0,0.0,0.0,1.0,0.0,1.0,0.0,1.0,0.0,0.0,0.0,0.0,0.0,1.0,0.0,0.0,0.0,0.0,0.0,1.0,0.0,1.0,0.0,0.0,0.0,0.0,0.0,0.0,0.0,0.0,1.0,0.0,0.0,0.0,0.0,0.0,729
47,-0.43613664338444263,-0.5944952030329613,1.482152420121957,-0.3250529341283156,-0.2905696474632029,-0.43060417409477203,-0.2836453700480133,-0.7189944527872196,-0.19621147357991592,1.4626657651839967,0.9488545578023498,-0.3192639169286145,0.0,0.0,0.0,0.0,0.0,1.0,0.0,0.0,0.0,0.0,0.0,0.0,0.0,0.0,0.0,1.0,0.0,0.0,0.0,1.0,0.0,1.0,0.0,1.0,0.0,0.0,0.0,0.0,0.0,1.0,0.0,0.0,0.0,0.0,0.0,1.0,0.0,1.0,0.0,0.0,0.0,0.0,0.0,0.0,0.0,0.0,1.0,0.0,0.0,0.0,0.0,0.0,736
48,-0.43613664338444263,-0.5944952030329613,1.482152420121957,-0.3250529341283156,-0.2905696474632029,-0.43060417409477203,-0.2836453700480133,-0.7189944527872196,-0.19621147357991592,1.4626657651839967,0.33561130657873933,-0.3154739230408878,0.0,0.0,0.0,0.0,0.0,1.0,0.0,0.0,0.0,0.0,0.0,0.0,0.0,0.0,0.0,1.0,0.0,0.0,0.0,1.0,0.0,1.0,0.0,1.0,0.0,0.0,0.0,0.0,0.0,1.0,0.0,0.0,0.0,0.0,0.0,1.0,0.0,1.0,0.0,0.0,0.0,0.0,0.0,0.0,0.0,0.0,1.0,0.0,0.0,0.0,0.0,0.0,736
49,-0.43613664338444263,-0.5944952030329613,1.482152420121957,-0.3250529341283156,-0.2905696474632029,-0.43060417409477203,-0.2836453700480133,-0.7189944527872196,-0.19621147357991592,1.4626657651839967,1.1532689748768867,-0.31784266922071697,0.0,0.0,0.0,0.0,0.0,1.0,0.0,0.0,0.0,0.0,0.0,0.0,0.0,0.0,0.0,1.0,0.0,0.0,0.0,1.0,0.0,1.0,0.0,1.0,0.0,0.0,0.0,0.0,0.0,1.0,0.0,0.0,0.0,0.0,0.0,1.0,0.0,1.0,0.0,0.0,0.0,0.0,0.0,0.0,0.0,0.0,1.0,0.0,0.0,0.0,0.0,0.0,745
50,-0.43613664338444263,-0.5944952030329613,1.482152420121957,-0.3250529341283156,-0.2905696474632029,-0.43060417409477203,-0.2836453700480133,-0.7189944527872196,-0.19621147357991592,1.4626657651839967,0.744440140727813,-0.3154739230408878,0.0,0.0,0.0,0.0,0.0,1.0,0.0,0.0,0.0,0.0,0.0,0.0,0.0,0.0,0.0,1.0,0.0,0.0,0.0,1.0,0.0,1.0,0.0,1.0,0.0,0.0,0.0,0.0,0.0,1.0,0.0,0.0,0.0,0.0,0.0,1.0,0.0,1.0,0.0,0.0,0.0,0.0,0.0,0.0,0.0,0.0,1.0,0.0,0.0,0.0,0.0,0.0,747
51,-0.43613664338444263,-0.5944952030329613,1.482152420121957,-0.3250529341283156,-0.2905696474632029,-0.43060417409477203,-0.2836453700480133,-0.7189944527872196,-0.19621147357991592,1.4626657651839967,0.5400257236532762,-0.3154739230408878,0.0,0.0,0.0,0.0,0.0,1.0,0.0,0.0,0.0,0.0,0.0,0.0,0.0,0.0,0.0,1.0,0.0,0.0,0.0,1.0,0.0,1.0,0.0,1.0,0.0,0.0,0.0,0.0,0.0,1.0,0.0,0.0,0.0,0.0,0.0,1.0,0.0,1.0,0.0,0.0,0.0,0.0,0.0,0.0,0.0,0.0,1.0,0.0,0.0,0.0,0.0,0.0,751
52,-0.43613664338444263,-0.5944952030329613,1.482152420121957,-0.3250529341283156,-0.2905696474632029,-0.43060417409477203,-0.2836453700480133,-0.7189944527872196,-0.19621147357991592,1.4626657651839967,0.744440140727813,-0.31073643068122936,0.0,0.0,0.0,0.0,0.0,1.0,0.0,0.0,0.0,0.0,0.0,0.0,0.0,0.0,0.0,1.0,0.0,0.0,0.0,1.0,0.0,1.0,0.0,1.0,0.0,0.0,0.0,0.0,0.0,1.0,0.0,0.0,0.0,0.0,0.0,1.0,0.0,1.0,0.0,0.0,0.0,0.0,0.0,0.0,0.0,0.0,1.0,0.0,0.0,0.0,0.0,0.0,765
53,-0.43613664338444263,-0.5944952030329613,1.482152420121957,-0.3250529341283156,-0.2905696474632029,-0.43060417409477203,-0.2836453700480133,-0.7189944527872196,-0.19621147357991592,1.4626657651839967,0.33561130657873933,-0.305998938321571,0.0,0.0,0.0,0.0,0.0,1.0,0.0,0.0,0.0,0.0,0.0,0.0,0.0,0.0,0.0,1.0,0.0,0.0,0.0,1.0,0.0,1.0,0.0,1.0,0.0,0.0,0.0,0.0,0.0,1.0,0.0,0.0,0.0,0.0,0.0,1.0,0.0,1.0,0.0,0.0,0.0,0.0,0.0,0.0,0.0,0.0,1.0,0.0,0.0,0.0,0.0,0.0,765
54,-0.43613664338444263,-0.5944952030329613,1.482152420121957,-0.3250529341283156,-0.2905696474632029,-0.43060417409477203,-0.2836453700480133,-0.7189944527872196,-0.19621147357991592,1.4626657651839967,0.9488545578023498,-0.3154739230408878,0.0,0.0,0.0,0.0,0.0,1.0,0.0,0.0,0.0,0.0,0.0,0.0,0.0,0.0,0.0,1.0,0.0,0.0,0.0,1.0,0.0,1.0,0.0,1.0,0.0,0.0,0.0,0.0,0.0,1.0,0.0,0.0,0.0,0.0,0.0,1.0,0.0,1.0,0.0,0.0,0.0,0.0,0.0,0.0,0.0,0.0,1.0,0.0,0.0,0.0,0.0,0.0,772
55,-0.43613664338444263,-0.5944952030329613,1.482152420121957,-0.3250529341283156,-0.2905696474632029,-0.43060417409477203,-0.2836453700480133,-0.7189944527872196,-0.19621147357991592,1.4626657651839967,0.33561130657873933,-0.29178646124259583,0.0,0.0,0.0,0.0,0.0,1.0,0.0,0.0,0.0,0.0,0.0,0.0,0.0,0.0,0.0,1.0,0.0,0.0,0.0,1.0,0.0,1.0,0.0,1.0,0.0,0.0,0.0,0.0,0.0,1.0,0.0,0.0,0.0,0.0,0.0,1.0,0.0,1.0,0.0,0.0,0.0,0.0,0.0,0.0,0.0,0.0,1.0,0.0,0.0,0.0,0.0,0.0,785
56,-0.43613664338444263,-0.5944952030329613,1.482152420121957,-0.3250529341283156,-0.2905696474632029,-0.43060417409477203,-0.2836453700480133,-0.7189944527872196,-0.19621147357991592,1.4626657651839967,0.5400257236532762,-0.305998938321571,0.0,0.0,0.0,0.0,0.0,1.0,0.0,0.0,0.0,0.0,0.0,0.0,0.0,0.0,0.0,1.0,0.0,0.0,0.0,1.0,0.0,1.0,0.0,1.0,0.0,0.0,0.0,0.0,0.0,1.0,0.0,0.0,0.0,0.0,0.0,1.0,0.0,1.0,0.0,0.0,0.0,0.0,0.0,0.0,0.0,0.0,1.0,0.0,0.0,0.0,0.0,0.0,788
57,-0.22689453429386044,-0.23442687690424346,-0.023548405705495767,-0.2239091603213255,-0.2905696474632029,-0.28267644408095277,-0.2836453700480133,-0.1674645378179437,-0.19621147357991592,-0.10321344384017347,-0.07321752757033433,-0.31073643068122936,0.0,0.0,1.0,0.0,0.0,0.0,0.0,0.0,0.0,0.0,0.0,0.0,0.0,0.0,0.0,1.0,0.0,0.0,0.0,1.0,0.0,0.0,1.0,1.0,0.0,0.0,0.0,0.0,0.0,0.0,0.0,0.0,0.0,0.0,1.0,1.0,0.0,0.0,0.0,0.0,0.0,0.0,0.0,0.0,0.0,1.0,1.0,0.0,0.0,0.0,0.0,0.0,522
58,-0.22689453429386044,-0.38603459316896677,-0.023548405705495767,-0.3250529341283156,-0.2905696474632029,-0.28267644408095277,-0.2836453700480133,-0.1674645378179437,-0.19621147357991592,-0.11798900992771938,-0.07321752757033433,-0.31026268144526353,0.0,0.0,1.0,0.0,0.0,0.0,0.0,0.0,0.0,0.0,0.0,0.0,0.0,0.0,0.0,1.0,0.0,0.0,0.0,1.0,0.0,1.0,0.0,1.0,0.0,0.0,0.0,0.0,0.0,0.0,0.0,0.0,0.0,0.0,1.0,1.0,0.0,0.0,0.0,0.0,0.0,0.0,0.0,0.0,0.0,1.0,1.0,0.0,0.0,0.0,0.0,0.0,572
59,-0.22689453429386044,-0.23442687690424346,-0.023548405705495767,-0.22315435604169606,-0.2905696474632029,-0.28267644408095277,-0.2836453700480133,-0.1674645378179437,-0.19621147357991592,-0.10310317842160976,-0.07321752757033433,-0.2823114765232791,0.0,0.0,1.0,0.0,0.0,0.0,0.0,0.0,0.0,0.0,0.0,0.0,0.0,0.0,0.0,1.0,0.0,0.0,0.0,1.0,0.0,0.0,1.0,1.0,0.0,0.0,0.0,0.0,0.0,0.0,0.0,0.0,0.0,0.0,1.0,1.0,0.0,0.0,0.0,0.0,0.0,0.0,0.0,0.0,0.0,1.0,1.0,0.0,0.0,0.0,0.0,0.0,574
60,-0.22689453429386044,-0.38603459316896677,-0.023548405705495767,-0.3250529341283156,-0.2905696474632029,-0.28267644408095277,-0.2836453700480133,-0.1674645378179437,-0.19621147357991592,-0.11798900992771938,-0.07321752757033433,-0.2823114765232791,0.0,0.0,1.0,0.0,0.0,0.0,0.0,0.0,0.0,0.0,0.0,0.0,0.0,0.0,0.0,1.0,0.0,0.0,0.0,1.0,0.0,1.0,0.0,1.0,0.0,0.0,0.0,0.0,0.0,0.0,0.0,0.0,0.0,0.0,1.0,1.0,0.0,0.0,0.0,0.0,0.0,0.0,0.0,0.0,0.0,1.0,1.0,0.0,0.0,0.0,0.0,0.0,591
61,-0.3105913779300933,-0.38603459316896677,-0.6465970232892694,-0.3250529341283156,-0.2905696474632029,-0.20871257907404314,-0.2836453700480133,-0.7189944527872196,-0.19621147357991592,-0.7705397569881405,-1.1361724963579258,-0.31642142151281943,0.0,1.0,0.0,0.0,0.0,0.0,0.0,0.0,0.0,0.0,0.0,0.0,0.0,0.0,0.0,1.0,0.0,0.0,0.0,1.0,0.0,1.0,0.0,1.0,0.0,0.0,0.0,0.0,0.0,0.0,0.0,0.0,0.0,0.0,1.0,1.0,0.0,1.0,0.0,0.0,0.0,0.0,0.0,0.0,0.0,0.0,1.0,0.0,0.0,0.0,0.0,0.0,568
62,0.35898337115976964,0.22039627188992653,-0.6465970232892694,-0.3250529341283156,-0.2905696474632029,-0.20871257907404314,-0.2836453700480133,-0.7189944527872196,-0.19621147357991592,-0.7705397569881405,-1.1361724963579258,-0.2898914642987325,0.0,1.0,0.0,0.0,0.0,0.0,0.0,0.0,0.0,0.0,0.0,0.0,0.0,0.0,0.0,1.0,0.0,0.0,0.0,1.0,0.0,1.0,0.0,1.0,0.0,0.0,0.0,0.0,0.0,0.0,0.0,0.0,0.0,0.0,1.0,1.0,0.0,1.0,0.0,0.0,0.0,0.0,0.0,0.0,0.0,0.0,1.0,0.0,0.0,0.0,0.0,0.0,589
63,1.0285581202496326,-0.5755442384998709,-0.542755587025307,0.05234920703298673,-0.2905696474632029,-0.43060417409477203,-0.2836453700480133,-0.7189944527872196,-0.19621147357991592,-0.6323771875277302,1.3576833919514235,-0.29178646124259583,0.0,0.0,0.0,0.0,0.0,1.0,0.0,0.0,0.0,0.0,0.0,0.0,0.0,0.0,0.0,1.0,0.0,0.0,0.0,1.0,0.0,0.0,1.0,1.0,0.0,0.0,0.0,0.0,0.0,1.0,0.0,0.0,0.0,0.0,0.0,1.0,0.0,1.0,0.0,0.0,0.0,0.0,0.0,0.0,0.0,0.0,1.0,0.0,0.0,0.0,0.0,0.0,590
64,2.70249499297429,0.8268271369488199,-0.27588309582692405,-0.3250529341283156,6.749450216794431,-0.43060417409477203,-0.2836453700480133,-0.7189944527872196,-0.19621147357991592,-0.13618280399074228,1.4598906004886918,-0.3012614459619126,0.0,1.0,0.0,0.0,0.0,0.0,0.0,0.0,0.0,0.0,0.0,0.0,0.0,0.0,0.0,1.0,0.0,0.0,0.0,1.0,0.0,1.0,0.0,0.0,0.0,0.0,1.0,0.0,0.0,1.0,0.0,0.0,0.0,0.0,0.0,1.0,0.0,1.0,0.0,0.0,0.0,0.0,0.0,0.0,0.0,0.0,1.0,0.0,0.0,0.0,0.0,0.0,595
65,-0.477985065202559,-0.6134461675660519,-0.2831519963654014,-0.3250529341283156,0.0007415193336646917,-0.43060417409477203,-0.2836453700480133,-0.7189944527872196,-0.19621147357991592,-0.41184635040018003,1.3576833919514235,-0.3012614459619126,0.0,1.0,0.0,0.0,0.0,0.0,0.0,0.0,0.0,0.0,0.0,0.0,0.0,0.0,0.0,1.0,0.0,0.0,0.0,1.0,0.0,1.0,0.0,0.0,0.0,1.0,0.0,0.0,0.0,1.0,0.0,0.0,0.0,0.0,0.0,1.0,0.0,1.0,0.0,0.0,0.0,0.0,0.0,0.0,0.0,0.0,1.0,0.0,0.0,0.0,0.0,0.0,558
66,0.35898337115976964,0.22039627188992653,-0.6465970232892694,-0.3250529341283156,-0.2905696474632029,-0.35664030908786243,-0.2836453700480133,-0.7189944527872196,-0.19621147357991592,-0.7894502762718278,-1.1361724963579258,0.4756873010220622,0.0,1.0,0.0,0.0,0.0,0.0,0.0,0.0,0.0,0.0,0.0,0.0,0.0,0.0,0.0,1.0,0.0,0.0,0.0,1.0,0.0,1.0,0.0,1.0,0.0,0.0,0.0,0.0,0.0,0.0,1.0,0.0,0.0,0.0,0.0,1.0,0.0,1.0,0.0,0.0,0.0,0.0,0.0,0.0,0.0,0.0,1.0,0.0,0.0,0.0,0.0,0.0,680
67,0.35898337115976964,-0.22912060683497815,-0.17931056010143917,-0.3250529341283156,1.4572973533180027,-0.43060417409477203,-0.2836453700480133,-0.7189944527872196,-0.19621147357991592,-0.30158093183640494,-0.07321752757033433,-0.305998938321571,0.0,1.0,0.0,0.0,0.0,0.0,0.0,0.0,0.0,0.0,0.0,0.0,0.0,0.0,0.0,1.0,0.0,0.0,0.0,1.0,0.0,1.0,0.0,0.0,0.0,0.0,0.0,0.0,1.0,1.0,0.0,0.0,0.0,0.0,0.0,1.0,0.0,1.0,0.0,0.0,0.0,0.0,0.0,0.0,0.0,0.0,1.0,0.0,0.0,0.0,0.0,0.0,542
68,0.35898337115976964,-0.22912060683497815,-0.17931056010143917,-0.3250529341283156,1.4572973533180027,-0.43060417409477203,-0.2836453700480133,-0.7189944527872196,-0.19621147357991592,-0.30158093183640494,-0.07321752757033433,-0.3154739230408878,0.0,1.0,0.0,0.0,0.0,0.0,0.0,0.0,0.0,0.0,0.0,0.0,0.0,0.0,0.0,1.0,0.0,0.0,0.0,1.0,0.0,1.0,0.0,0.0,0.0,0.0,0.0,1.0,0.0,1.0,0.0,0.0,0.0,0.0,0.0,1.0,0.0,1.0,0.0,0.0,0.0,0.0,0.0,0.0,0.0,0.0,1.0,0.0,0.0,0.0,0.0,0.0,548
69,-0.561681908838792,-0.6134461675660519,-0.3610330735633731,-0.3250529341283156,-0.2905696474632029,-0.43060417409477203,-0.2836453700480133,-0.6086884697933646,-0.19621147357991592,-0.49454541432301136,1.3576833919514235,-0.3012614459619126,0.0,0.0,0.0,0.0,0.0,1.0,0.0,0.0,0.0,0.0,0.0,0.0,0.0,0.0,0.0,1.0,0.0,0.0,0.0,1.0,0.0,1.0,0.0,1.0,0.0,0.0,0.0,0.0,0.0,1.0,0.0,0.0,0.0,0.0,0.0,1.0,0.0,0.0,0.0,0.0,0.0,0.0,0.0,0.0,1.0,0.0,1.0,0.0,0.0,0.0,0.0,0.0,550
70,0.35898337115976964,-0.22912060683497815,-0.17931056010143917,-0.3250529341283156,1.4572973533180027,-0.43060417409477203,-0.2836453700480133,-0.7189944527872196,-0.19621147357991592,-0.30158093183640494,-0.07321752757033433,-0.3154739230408878,0.0,1.0,0.0,0.0,0.0,0.0,0.0,0.0,0.0,0.0,0.0,0.0,0.0,0.0,0.0,1.0,0.0,0.0,0.0,1.0,0.0,1.0,0.0,0.0,0.0,1.0,0.0,0.0,0.0,1.0,0.0,0.0,0.0,0.0,0.0,1.0,0.0,1.0,0.0,0.0,0.0,0.0,0.0,0.0,0.0,0.0,1.0,0.0,0.0,0.0,0.0,0.0,554
71,0.35898337115976964,-0.22912060683497815,-0.17931056010143917,-0.3250529341283156,1.4572973533180027,-0.43060417409477203,-0.2836453700480133,-0.7189944527872196,-0.19621147357991592,-0.30158093183640494,-0.07321752757033433,-0.305998938321571,0.0,1.0,0.0,0.0,0.0,0.0,0.0,0.0,0.0,0.0,0.0,0.0,0.0,0.0,0.0,1.0,0.0,0.0,0.0,1.0,0.0,1.0,0.0,0.0,0.0,0.0,1.0,0.0,0.0,1.0,0.0,0.0,0.0,0.0,0.0,1.0,0.0,1.0,0.0,0.0,0.0,0.0,0.0,0.0,0.0,0.0,1.0,0.0,0.0,0.0,0.0,0.0,558
72,-0.14319769065762758,-0.38603459316896677,-0.2831519963654014,0.05234920703298673,0.5833638529273999,-0.43060417409477203,-0.2836453700480133,0.6046773431390426,1.9304122891237891,-0.35671364111829246,0.1311968895042025,-0.26336150708464556,0.0,1.0,0.0,0.0,0.0,0.0,0.0,0.0,0.0,0.0,0.0,0.0,0.0,0.0,0.0,1.0,0.0,0.0,0.0,1.0,0.0,0.0,1.0,0.0,1.0,0.0,0.0,0.0,0.0,1.0,0.0,0.0,0.0,0.0,0.0,1.0,0.0,0.0,1.0,0.0,0.0,0.0,0.0,0.0,0.0,0.0,0.0,0.0,0.0,1.0,0.0,0.0,477
73,-0.14319769065762758,-0.38603459316896677,-0.2831519963654014,0.05234920703298673,0.5833638529273999,-0.43060417409477203,-0.2836453700480133,0.6046773431390426,-0.19621147357991592,-0.35671364111829246,0.1311968895042025,-0.26336150708464556,0.0,1.0,0.0,0.0,0.0,0.0,0.0,0.0,0.0,0.0,0.0,0.0,0.0,0.0,0.0,1.0,0.0,0.0,0.0,1.0,0.0,0.0,1.0,0.0,1.0,0.0,0.0,0.0,0.0,1.0,0.0,0.0,0.0,0.0,0.0,1.0,0.0,0.0,0.0,0.0,0.0,0.0,0.0,1.0,0.0,0.0,1.0,0.0,0.0,0.0,0.0,0.0,477
74,-0.561681908838792,-0.6134461675660519,-0.4518943302943401,-0.3250529341283156,0.15125228884537964,-0.43060417409477203,-0.2836453700480133,-0.6086884697933646,-0.19621147357991592,-0.5910276555663145,1.3576833919514235,-0.31073643068122936,0.0,1.0,0.0,0.0,0.0,0.0,0.0,0.0,0.0,0.0,0.0,0.0,0.0,0.0,0.0,1.0,0.0,0.0,0.0,1.0,0.0,1.0,0.0,0.0,0.0,0.0,1.0,0.0,0.0,1.0,0.0,0.0,0.0,0.0,0.0,1.0,0.0,0.0,0.0,0.0,0.0,0.0,0.0,1.0,0.0,0.0,1.0,0.0,0.0,0.0,0.0,0.0,507
75,-0.561681908838792,-0.6134461675660519,-0.4518943302943401,-0.3250529341283156,-0.16045065962726868,-0.43060417409477203,-0.2836453700480133,-0.6086884697933646,-0.19621147357991592,-0.5910276555663145,1.3576833919514235,-0.31073643068122936,0.0,1.0,0.0,0.0,0.0,0.0,0.0,0.0,0.0,0.0,0.0,0.0,0.0,0.0,0.0,1.0,0.0,0.0,0.0,1.0,0.0,1.0,0.0,0.0,0.0,0.0,1.0,0.0,0.0,1.0,0.0,0.0,0.0,0.0,0.0,1.0,0.0,0.0,0.0,0.0,0.0,0.0,0.0,1.0,0.0,0.0,1.0,0.0,0.0,0.0,0.0,0.0,518
76,-0.561681908838792,-0.6134461675660519,-0.4518943302943401,-0.3250529341283156,-0.15074028740070644,-0.43060417409477203,-0.2836453700480133,-0.6086884697933646,-0.19621147357991592,-0.5910276555663145,1.3576833919514235,-0.31073643068122936,0.0,1.0,0.0,0.0,0.0,0.0,0.0,0.0,0.0,0.0,0.0,0.0,0.0,0.0,0.0,1.0,0.0,0.0,0.0,1.0,0.0,1.0,0.0,0.0,0.0,0.0,1.0,0.0,0.0,1.0,0.0,0.0,0.0,0.0,0.0,1.0,0.0,0.0,0.0,0.0,0.0,0.0,0.0,1.0,0.0,0.0,1.0,0.0,0.0,0.0,0.0,0.0,522
77,-0.561681908838792,-0.6134461675660519,-0.4518943302943401,-0.3250529341283156,-0.14102991517414418,-0.43060417409477203,-0.2836453700480133,-0.6086884697933646,-0.19621147357991592,-0.5910276555663145,1.3576833919514235,-0.31073643068122936,0.0,1.0,0.0,0.0,0.0,0.0,0.0,0.0,0.0,0.0,0.0,0.0,0.0,0.0,0.0,1.0,0.0,0.0,0.0,1.0,0.0,1.0,0.0,0.0,0.0,0.0,1.0,0.0,0.0,1.0,0.0,0.0,0.0,0.0,0.0,1.0,0.0,0.0,0.0,0.0,0.0,0.0,0.0,1.0,0.0,0.0,1.0,0.0,0.0,0.0,0.0,0.0,525
78,-0.561681908838792,-0.6134461675660519,-0.4518943302943401,-0.3250529341283156,-0.17016103185383094,-0.43060417409477203,-0.2836453700480133,-0.6086884697933646,-0.19621147357991592,-0.5910276555663145,1.3576833919514235,-0.31073643068122936,0.0,1.0,0.0,0.0,0.0,0.0,0.0,0.0,0.0,0.0,0.0,0.0,0.0,0.0,0.0,1.0,0.0,0.0,0.0,1.0,0.0,1.0,0.0,0.0,0.0,0.0,1.0,0.0,0.0,1.0,0.0,0.0,0.0,0.0,0.0,1.0,0.0,0.0,0.0,0.0,0.0,0.0,0.0,1.0,0.0,0.0,1.0,0.0,0.0,0.0,0.0,0.0,530
79,-0.5784212775660386,-0.6286069391925242,-0.4389141507613448,-0.3250529341283156,-0.1643348085178936,-0.37439163668952075,-0.2836453700480133,-0.7189944527872196,-0.19621147357991592,-0.5737711175610838,-0.6864607787939448,-0.29178646124259583,0.0,1.0,0.0,0.0,0.0,0.0,0.0,0.0,0.0,0.0,0.0,0.0,0.0,0.0,0.0,1.0,0.0,0.0,0.0,1.0,0.0,1.0,0.0,0.0,0.0,1.0,0.0,0.0,0.0,0.0,0.0,0.0,0.0,1.0,0.0,1.0,0.0,1.0,0.0,0.0,0.0,0.0,0.0,0.0,0.0,0.0,1.0,0.0,0.0,0.0,0.0,0.0,590
80,0.1915896838873039,0.06878855562520321,-0.7504384595532316,-0.3250529341283156,-0.2905696474632029,-0.43060417409477203,3.568328791097847,1.4871252070898842,-0.19621147357991592,-0.9014248088233414,-1.0952896129430185,-0.26336150708464556,0.0,1.0,0.0,0.0,0.0,0.0,0.0,0.0,0.0,0.0,0.0,0.0,0.0,0.0,0.0,1.0,0.0,0.0,0.0,1.0,0.0,1.0,0.0,1.0,0.0,0.0,0.0,0.0,0.0,1.0,0.0,0.0,0.0,0.0,0.0,0.0,1.0,0.0,0.0,0.0,0.0,0.0,1.0,0.0,0.0,0.0,1.0,0.0,0.0,0.0,0.0,0.0,500
81,0.1915896838873039,0.06878855562520321,-0.7504384595532316,-0.3250529341283156,-0.2905696474632029,-0.43060417409477203,3.568328791097847,1.4871252070898842,-0.19621147357991592,-0.9014248088233414,-1.0952896129430185,-0.20651159876874495,0.0,1.0,0.0,0.0,0.0,0.0,0.0,0.0,0.0,0.0,0.0,0.0,0.0,0.0,0.0,1.0,0.0,0.0,0.0,1.0,0.0,1.0,0.0,1.0,0.0,0.0,0.0,0.0,0.0,1.0,0.0,0.0,0.0,0.0,0.0,0.0,1.0,0.0,0.0,0.0,0.0,0.0,1.0,0.0,0.0,0.0,1.0,0.0,0.0,0.0,0.0,0.0,520
82,0.1915896838873039,0.06878855562520321,-0.7504384595532316,-0.3250529341283156,-0.2905696474632029,-0.43060417409477203,3.568328791097847,1.4871252070898842,-0.19621147357991592,-0.9014248088233414,-1.0952896129430185,-0.09281178213694376,0.0,1.0,0.0,0.0,0.0,0.0,0.0,0.0,0.0,0.0,0.0,0.0,0.0,0.0,0.0,1.0,0.0,0.0,0.0,1.0,0.0,1.0,0.0,1.0,0.0,0.0,0.0,0.0,0.0,1.0,0.0,0.0,0.0,0.0,0.0,0.0,1.0,0.0,0.0,0.0,0.0,0.0,1.0,0.0,0.0,0.0,1.0,0.0,0.0,0.0,0.0,0.0,538
83,0.1915896838873039,0.06878855562520321,-0.7504384595532316,-0.3250529341283156,-0.2905696474632029,-0.43060417409477203,3.568328791097847,1.4871252070898842,-0.19621147357991592,-0.9014248088233414,-0.6864607787939448,-0.2491490300056704,0.0,1.0,0.0,0.0,0.0,0.0,0.0,0.0,0.0,0.0,0.0,0.0,0.0,0.0,0.0,1.0,0.0,0.0,0.0,1.0,0.0,1.0,0.0,1.0,0.0,0.0,0.0,0.0,0.0,1.0,0.0,0.0,0.0,0.0,0.0,0.0,1.0,0.0,0.0,0.0,0.0,0.0,1.0,0.0,0.0,0.0,1.0,0.0,0.0,0.0,0.0,0.0,540
84,0.1915896838873039,0.06878855562520321,-0.7504384595532316,-0.3250529341283156,-0.2905696474632029,-0.43060417409477203,3.568328791097847,1.4871252070898842,-0.19621147357991592,-0.9014248088233414,0.9488545578023498,-0.29178646124259583,0.0,1.0,0.0,0.0,0.0,0.0,0.0,0.0,0.0,0.0,0.0,0.0,0.0,0.0,0.0,1.0,0.0,0.0,0.0,1.0,0.0,1.0,0.0,1.0,0.0,0.0,0.0,0.0,0.0,1.0,0.0,0.0,0.0,0.0,0.0,0.0,1.0,0.0,0.0,0.0,0.0,0.0,1.0,0.0,0.0,0.0,1.0,0.0,0.0,0.0,0.0,0.0,590
85,0.1915896838873039,0.06878855562520321,-0.7504384595532316,-0.3250529341283156,-0.2905696474632029,-0.43060417409477203,3.568328791097847,1.4871252070898842,-0.19621147357991592,-0.9014248088233414,0.9488545578023498,-0.20651159876874495,0.0,1.0,0.0,0.0,0.0,0.0,0.0,0.0,0.0,0.0,0.0,0.0,0.0,0.0,0.0,1.0,0.0,0.0,0.0,1.0,0.0,1.0,0.0,1.0,0.0,0.0,0.0,0.0,0.0,1.0,0.0,0.0,0.0,0.0,0.0,0.0,1.0,0.0,0.0,0.0,0.0,0.0,1.0,0.0,0.0,0.0,1.0,0.0,0.0,0.0,0.0,0.0,600
86,2.70249499297429,0.8268271369488199,0.0802930305584665,-0.3250529341283156,6.749450216794431,-0.43060417409477203,-0.2836453700480133,-0.7189944527872196,-0.19621147357991592,-0.025917385426967175,1.0510617663396182,-0.3012614459619126,0.0,1.0,0.0,0.0,0.0,0.0,0.0,0.0,0.0,0.0,0.0,0.0,0.0,0.0,0.0,1.0,0.0,0.0,0.0,1.0,0.0,1.0,0.0,0.0,0.0,1.0,0.0,0.0,0.0,1.0,0.0,0.0,0.0,0.0,0.0,1.0,0.0,1.0,0.0,0.0,0.0,0.0,0.0,0.0,0.0,0.0,1.0,0.0,0.0,0.0,0.0,0.0,579
87,-0.561681908838792,-0.5376423094336902,-0.49083486889332595,-0.3250529341283156,-0.28571446134992173,-0.40101862809200817,-0.2836453700480133,-0.7079638544878342,-0.19621147357991592,-0.6295102866450721,-0.07321752757033433,-0.3012614459619126,0.0,0.0,1.0,0.0,0.0,0.0,0.0,0.0,0.0,0.0,0.0,0.0,0.0,0.0,0.0,1.0,0.0,0.0,0.0,1.0,0.0,1.0,0.0,0.0,0.0,0.0,0.0,0.0,1.0,0.0,0.0,0.0,1.0,0.0,0.0,1.0,0.0,0.0,0.0,0.0,0.0,0.0,0.0,0.0,0.0,1.0,1.0,0.0,0.0,0.0,0.0,0.0,645
88,-0.477985065202559,-0.6134461675660519,-0.2831519963654014,-0.13635186354766443,0.0007415193336646917,-0.43060417409477203,-0.2836453700480133,-0.7189944527872196,-0.19621147357991592,-0.38427999575923627,0.9488545578023498,-0.3012614459619126,0.0,1.0,0.0,0.0,0.0,0.0,0.0,0.0,0.0,0.0,0.0,0.0,0.0,0.0,0.0,1.0,0.0,0.0,0.0,1.0,0.0,0.0,1.0,0.0,0.0,0.0,0.0,1.0,0.0,1.0,0.0,0.0,0.0,0.0,0.0,1.0,0.0,1.0,0.0,0.0,0.0,0.0,0.0,0.0,0.0,0.0,1.0,0.0,0.0,0.0,0.0,0.0,615
89,-0.26874295611197685,0.5236117044193733,-0.2312312782334203,-0.3250529341283156,-0.07208627236555219,0.9007453960296015,-0.2836453700480133,1.7077371730775948,-0.19621147357991592,-0.19341055622534156,-1.7085328641666289,-0.29178646124259583,0.0,0.0,1.0,0.0,0.0,0.0,0.0,0.0,0.0,0.0,0.0,0.0,1.0,0.0,0.0,0.0,0.0,0.0,0.0,1.0,0.0,1.0,0.0,0.0,0.0,1.0,0.0,0.0,0.0,0.0,0.0,0.0,0.0,0.0,1.0,1.0,0.0,0.0,0.0,0.0,0.0,1.0,0.0,0.0,0.0,0.0,1.0,0.0,0.0,0.0,0.0,0.0,470
90,-0.26874295611197685,0.5236117044193733,-0.2312312782334203,-0.3250529341283156,0.36488047782974925,0.9007453960296015,-0.2836453700480133,1.7077371730775948,-0.19621147357991592,-0.19341055622534156,-1.7085328641666289,-0.29178646124259583,0.0,0.0,1.0,0.0,0.0,0.0,0.0,0.0,0.0,0.0,0.0,0.0,1.0,0.0,0.0,0.0,0.0,0.0,0.0,1.0,0.0,1.0,0.0,0.0,0.0,1.0,0.0,0.0,0.0,0.0,0.0,0.0,0.0,0.0,1.0,1.0,0.0,0.0,0.0,0.0,0.0,1.0,0.0,0.0,0.0,0.0,1.0,0.0,0.0,0.0,0.0,0.0,475
91,-0.26874295611197685,0.5236117044193733,-0.2312312782334203,-0.3250529341283156,0.36488047782974925,0.9007453960296015,-0.2836453700480133,1.7077371730775948,-0.19621147357991592,-0.19341055622534156,-1.7085328641666289,-0.29178646124259583,0.0,0.0,1.0,0.0,0.0,0.0,0.0,0.0,0.0,0.0,0.0,0.0,1.0,0.0,0.0,0.0,0.0,0.0,0.0,1.0,0.0,1.0,0.0,0.0,0.0,1.0,0.0,0.0,0.0,0.0,0.0,0.0,0.0,0.0,1.0,1.0,0.0,0.0,0.0,1.0,0.0,0.0,0.0,0.0,0.0,0.0,1.0,0.0,0.0,0.0,0.0,0.0,501
92,-0.26874295611197685,0.5236117044193733,-0.2312312782334203,-0.3250529341283156,-0.07208627236555219,0.9007453960296015,-0.2836453700480133,1.7077371730775948,-0.19621147357991592,-0.19341055622534156,-1.7085328641666289,-0.29178646124259583,0.0,0.0,1.0,0.0,0.0,0.0,0.0,0.0,0.0,0.0,0.0,0.0,1.0,0.0,0.0,0.0,0.0,0.0,0.0,1.0,0.0,1.0,0.0,0.0,0.0,1.0,0.0,0.0,0.0,0.0,0.0,0.0,0.0,0.0,1.0,1.0,0.0,0.0,0.0,1.0,0.0,0.0,0.0,0.0,0.0,0.0,1.0,0.0,0.0,0.0,0.0,0.0,502
93,-0.26874295611197685,0.5236117044193733,-0.2312312782334203,-0.3250529341283156,-0.07208627236555219,0.9007453960296015,-0.2836453700480133,1.7077371730775948,-0.19621147357991592,-0.19341055622534156,-1.7085328641666289,-0.29178646124259583,0.0,0.0,1.0,0.0,0.0,0.0,0.0,0.0,0.0,0.0,0.0,0.0,1.0,0.0,0.0,0.0,0.0,0.0,0.0,1.0,0.0,1.0,0.0,0.0,0.0,1.0,0.0,0.0,0.0,0.0,0.0,0.0,0.0,0.0,1.0,1.0,0.0,0.0,0.0,0.0,1.0,0.0,0.0,0.0,0.0,0.0,1.0,0.0,0.0,0.0,0.0,0.0,551
94,-0.26874295611197685,0.5236117044193733,-0.2312312782334203,-0.3250529341283156,0.36488047782974925,0.9007453960296015,-0.2836453700480133,1.7077371730775948,-0.19621147357991592,-0.19341055622534156,-1.7085328641666289,-0.29178646124259583,0.0,0.0,1.0,0.0,0.0,0.0,0.0,0.0,0.0,0.0,0.0,0.0,1.0,0.0,0.0,0.0,0.0,0.0,0.0,1.0,0.0,1.0,0.0,0.0,0.0,1.0,0.0,0.0,0.0,0.0,0.0,0.0,0.0,0.0,1.0,1.0,0.0,0.0,0.0,0.0,1.0,0.0,0.0,0.0,0.0,0.0,1.0,0.0,0.0,0.0,0.0,0.0,555
95,0.1915896838873039,0.06878855562520321,-0.7504384595532316,-0.3250529341283156,-0.2905696474632029,-0.43060417409477203,3.568328791097847,1.4871252070898842,-0.19621147357991592,-0.9014248088233414,-0.07321752757033433,-0.29178646124259583,0.0,1.0,0.0,0.0,0.0,0.0,0.0,0.0,0.0,0.0,0.0,0.0,0.0,0.0,0.0,1.0,0.0,0.0,0.0,1.0,0.0,1.0,0.0,1.0,0.0,0.0,0.0,0.0,0.0,1.0,0.0,0.0,0.0,0.0,0.0,0.0,1.0,0.0,0.0,0.0,0.0,0.0,1.0,0.0,0.0,0.0,1.0,0.0,0.0,0.0,0.0,0.0,560
96,-0.561681908838792,-0.6134461675660519,-0.6465970232892694,-0.3250529341283156,-0.24201778633039162,-0.40101862809200817,-0.2836453700480133,-0.6307496663921356,-0.19621147357991592,-0.7949084144907348,0.1311968895042025,-0.3012614459619126,0.0,0.0,1.0,0.0,0.0,0.0,0.0,0.0,0.0,0.0,0.0,0.0,0.0,0.0,0.0,1.0,0.0,0.0,0.0,1.0,0.0,1.0,0.0,0.0,0.0,0.0,0.0,0.0,1.0,0.0,0.0,0.0,1.0,0.0,0.0,1.0,0.0,0.0,0.0,0.0,0.0,0.0,0.0,0.0,0.0,1.0,1.0,0.0,0.0,0.0,0.0,0.0,630
97,-0.561681908838792,-0.6134461675660519,-0.2831519963654014,-0.3250529341283156,-0.1449140640647691,-0.43060417409477203,-0.2836453700480133,-0.5755966748952079,-0.19621147357991592,-0.41184635040018003,1.3576833919514235,-0.31073643068122936,0.0,1.0,0.0,0.0,0.0,0.0,0.0,0.0,0.0,0.0,0.0,0.0,0.0,0.0,0.0,1.0,0.0,0.0,0.0,1.0,0.0,1.0,0.0,0.0,0.0,0.0,1.0,0.0,0.0,1.0,0.0,0.0,0.0,0.0,0.0,1.0,0.0,0.0,0.0,0.0,0.0,0.0,0.0,1.0,0.0,0.0,1.0,0.0,0.0,0.0,0.0,0.0,480
98,-0.477985065202559,-0.5452226952469263,-0.023548405705495767,-0.3250529341283156,0.0007415193336646917,-0.43060417409477203,-0.2836453700480133,-0.7189944527872196,-0.19621147357991592,-0.13618280399074228,0.1311968895042025,-0.3012614459619126,0.0,1.0,0.0,0.0,0.0,0.0,0.0,0.0,0.0,1.0,0.0,0.0,0.0,0.0,0.0,0.0,0.0,0.0,0.0,1.0,0.0,1.0,0.0,0.0,0.0,1.0,0.0,0.0,0.0,1.0,0.0,0.0,0.0,0.0,0.0,1.0,0.0,1.0,0.0,0.0,0.0,0.0,0.0,0.0,0.0,0.0,1.0,0.0,0.0,0.0,0.0,0.0,610
99,-0.3942882215663262,-0.46183845130132845,-0.3350727144973826,-0.3250529341283156,-0.12549331961164456,-0.3388889814862041,-0.2836453700480133,-0.3880765038056541,-0.19621147357991592,-0.4557319869885625,-0.48204636171940796,-0.3012614459619126,0.0,0.0,1.0,0.0,0.0,0.0,0.0,0.0,0.0,0.0,0.0,0.0,0.0,0.0,0.0,1.0,0.0,0.0,0.0,1.0,0.0,1.0,0.0,0.0,0.0,0.0,1.0,0.0,0.0,0.0,0.0,0.0,0.0,0.0,1.0,1.0,0.0,0.0,0.0,0.0,0.0,0.0,0.0,0.0,0.0,1.0,1.0,0.0,0.0,0.0,0.0,0.0,620
100,0.8695341173407901,1.3953560729415324,-0.542755587025307,-0.3250529341283156,-0.2905696474632029,3.563444536278348,-0.2836453700480133,-0.7189944527872196,-0.19621147357991592,-0.3457973646804787,-1.0952896129430185,1.0441863841810681,0.0,0.0,1.0,0.0,0.0,0.0,0.0,0.0,0.0,0.0,0.0,0.0,0.0,1.0,0.0,0.0,0.0,0.0,0.0,0.0,1.0,1.0,0.0,1.0,0.0,0.0,0.0,0.0,0.0,0.0,0.0,1.0,0.0,0.0,0.0,1.0,0.0,1.0,0.0,0.0,0.0,0.0,0.0,0.0,0.0,0.0,1.0,0.0,0.0,0.0,0.0,0.0,590
101,1.3047577042492011,1.5848657182724366,-0.8023591776852127,3.807750295501249,-0.2905696474632029,-0.43060417409477203,-0.2836453700480133,-0.7189944527872196,0.6997272411643939,-0.3036759747891167,0.33561130657873933,3.772981983344297,0.0,0.0,0.0,0.0,0.0,0.0,1.0,0.0,0.0,0.0,0.0,0.0,0.0,0.0,0.0,1.0,0.0,1.0,0.0,0.0,0.0,0.0,1.0,1.0,0.0,0.0,0.0,0.0,0.0,1.0,0.0,0.0,0.0,0.0,0.0,1.0,0.0,1.0,0.0,0.0,0.0,0.0,0.0,0.0,0.0,0.0,0.0,0.0,0.0,0.0,1.0,0.0,600
102,1.3047577042492011,1.5848657182724366,-0.8023591776852127,3.807750295501249,-0.2905696474632029,-0.43060417409477203,-0.2836453700480133,-0.7189944527872196,0.6997272411643939,-0.3036759747891167,0.5400257236532762,3.772981983344297,0.0,0.0,0.0,0.0,0.0,0.0,1.0,0.0,0.0,0.0,0.0,0.0,0.0,0.0,0.0,1.0,0.0,1.0,0.0,0.0,0.0,0.0,1.0,1.0,0.0,0.0,0.0,0.0,0.0,1.0,0.0,0.0,0.0,0.0,0.0,1.0,0.0,1.0,0.0,0.0,0.0,0.0,0.0,0.0,0.0,0.0,0.0,0.0,0.0,0.0,1.0,0.0,646
103,1.3047577042492011,1.5848657182724366,-0.8023591776852127,3.807750295501249,-0.2905696474632029,-0.43060417409477203,-0.2836453700480133,-0.7189944527872196,0.6997272411643939,-0.3036759747891167,0.744440140727813,3.772981983344297,0.0,0.0,0.0,0.0,0.0,0.0,1.0,0.0,0.0,0.0,0.0,0.0,0.0,0.0,0.0,1.0,0.0,1.0,0.0,0.0,0.0,0.0,1.0,1.0,0.0,0.0,0.0,0.0,0.0,1.0,0.0,0.0,0.0,0.0,0.0,1.0,0.0,1.0,0.0,0.0,0.0,0.0,0.0,0.0,0.0,0.0,0.0,0.0,0.0,0.0,1.0,0.0,677
104,1.3047577042492011,1.5848657182724366,-0.8023591776852127,3.807750295501249,-0.2905696474632029,-0.43060417409477203,-0.2836453700480133,-0.7189944527872196,0.6997272411643939,-0.3036759747891167,0.9488545578023498,3.772981983344297,0.0,0.0,0.0,0.0,0.0,0.0,1.0,0.0,0.0,0.0,0.0,0.0,0.0,0.0,0.0,1.0,0.0,1.0,0.0,0.0,0.0,0.0,1.0,1.0,0.0,0.0,0.0,0.0,0.0,1.0,0.0,0.0,0.0,0.0,0.0,1.0,0.0,1.0,0.0,0.0,0.0,0.0,0.0,0.0,0.0,0.0,0.0,0.0,0.0,0.0,1.0,0.0,729
105,1.3047577042492011,1.5848657182724366,-0.8023591776852127,3.807750295501249,-0.2905696474632029,-0.43060417409477203,-0.2836453700480133,-0.7189944527872196,0.6997272411643939,-0.3036759747891167,1.1532689748768867,3.772981983344297,0.0,0.0,0.0,0.0,0.0,0.0,1.0,0.0,0.0,0.0,0.0,0.0,0.0,0.0,0.0,1.0,0.0,1.0,0.0,0.0,0.0,0.0,1.0,1.0,0.0,0.0,0.0,0.0,0.0,1.0,0.0,0.0,0.0,0.0,0.0,1.0,0.0,1.0,0.0,0.0,0.0,0.0,0.0,0.0,0.0,0.0,0.0,0.0,0.0,0.0,1.0,0.0,765
106,1.3047577042492011,1.5848657182724366,-0.8023591776852127,3.807750295501249,-0.2905696474632029,-0.43060417409477203,-0.2836453700480133,-0.7189944527872196,0.6997272411643939,-0.3036759747891167,1.3576833919514235,3.772981983344297,0.0,0.0,0.0,0.0,0.0,0.0,1.0,0.0,0.0,0.0,0.0,0.0,0.0,0.0,0.0,1.0,0.0,1.0,0.0,0.0,0.0,0.0,1.0,1.0,0.0,0.0,0.0,0.0,0.0,1.0,0.0,0.0,0.0,0.0,0.0,1.0,0.0,1.0,0.0,0.0,0.0,0.0,0.0,0.0,0.0,0.0,0.0,0.0,0.0,0.0,1.0,0.0,775
107,2.869888680246756,0.8798898376414729,-0.8023591776852127,1.9393599131761494,-0.2905696474632029,-0.43060417409477203,-0.2836453700480133,-0.7189944527872196,9.64926890832306,-0.019742521987395862,0.9488545578023498,3.772981983344297,1.0,0.0,0.0,0.0,0.0,0.0,0.0,0.0,0.0,0.0,0.0,0.0,0.0,0.0,0.0,1.0,0.0,1.0,0.0,0.0,0.0,0.0,1.0,1.0,0.0,0.0,0.0,0.0,0.0,1.0,0.0,0.0,0.0,0.0,0.0,1.0,0.0,1.0,0.0,0.0,0.0,0.0,0.0,0.0,0.0,0.0,0.0,0.0,0.0,0.0,1.0,0.0,612
108,1.2461699137038378,0.8268271369488199,-0.8023591776852127,2.6941641961720566,-0.2905696474632029,-0.43060417409477203,-0.2836453700480133,-0.7189944527872196,0.5392459110217821,-0.47635162025998845,0.744440140727813,0.7599368426015651,0.0,0.0,1.0,0.0,0.0,0.0,0.0,0.0,0.0,0.0,0.0,0.0,0.0,0.0,0.0,1.0,0.0,1.0,0.0,0.0,0.0,0.0,1.0,1.0,0.0,0.0,0.0,0.0,0.0,1.0,0.0,0.0,0.0,0.0,0.0,1.0,0.0,1.0,0.0,0.0,0.0,0.0,0.0,0.0,0.0,0.0,0.0,0.0,0.0,0.0,1.0,0.0,653
109,-0.561681908838792,-0.6134461675660519,-0.8023591776852127,1.5619577716781958,-0.2905696474632029,-0.43060417409477203,-0.2836453700480133,1.4871252070898842,-0.19621147357991592,-0.6875098968096178,0.9488545578023498,-0.26336150708464556,0.0,0.0,1.0,0.0,0.0,0.0,0.0,0.0,0.0,0.0,0.0,0.0,0.0,0.0,0.0,1.0,0.0,1.0,0.0,0.0,0.0,0.0,1.0,1.0,0.0,0.0,0.0,0.0,0.0,1.0,0.0,0.0,0.0,0.0,0.0,1.0,0.0,0.0,0.0,0.0,0.0,0.0,0.0,1.0,0.0,0.0,1.0,0.0,0.0,0.0,0.0,0.0,485
