,Unnamed: 0,Unnamed: 0.1,in_amount_mmol,p_amount_mmol,sol_amount_ml,TOP_amount_mmol,acid_amount_mmol,amine_amount_mmol,thiol_amount_mmol,zinc_amount_mmol,other_amount_mmol,total_volume_ml,temp_c,time_min,x0_chloroindium oxalate,x0_indium acetate,x0_indium bromide,x0_indium chloride,x0_indium iodide,x0_indium laurate,x0_indium myristate,x0_indium oxalate,x0_indium paltimate,x0_indium stearate,x0_indium trifluoroacetate,"x0_indium tris(N,N-diisopropylacetamidinato)",x1_bis(trimethylsilyl)phosphine,x1_phosphine gas,x1_phosphorus trichloride,x1_sodium phosphide,x1_tris(diethylamino)phosphine,x1_tris(dimethylamino)phosphine,x1_tris(trimethylgermyl)phosphine,x1_tris(trimethylsilyl)phosphine,x1_white phosphorus,x2_4-ethylpyridine,x2_None,x2_dimethylformamide,x2_mesitylene,x2_octadecene,x2_toluene,x3_None,x3_trioctylphosphine,x4_None,x4_lauric acid,x4_myristic acid,x4_oleic acid,x4_palmitic acid,x4_stearic acid,x5_None,x5_dioctylamine,x5_dodecylamine,x5_hexadecylamine,x5_octylamine,x5_oleylamine,x6_None,x6_dodecanethiol,x7_None,x7_zinc acetate,x7_zinc bromide,x7_zinc chloride,x7_zinc iodide,x7_zinc octanoate,x7_zinc oleate,x7_zinc stearate,x7_zinc undecylenate,x8_None,x8_acetic acid,x8_copper bromide,x8_dioctyl ether,x8_oleic acid,x8_tetrabutylammonium myristate,x8_trioctylamine,x8_trioctylphosphine oxide,x8_water,x8_zinc iodide,diameter_nm,abs_nm,emission_nm
0,0,0,-0.5873781530886123,-0.6223615420978491,-0.1988639514012331,-0.2860024936341677,-0.4205770953851399,-0.5964936475153945,0.3780537524419144,-0.4984604228573468,-0.2544940876711947,-0.3196873282351509,1.5005660862829406,-0.2637505956978712,0.0,0.0,0.0,0.0,0.0,0.0,1.0,0.0,0.0,0.0,0.0,0.0,0.0,0.0,0.0,0.0,0.0,0.0,0.0,1.0,0.0,0.0,0.0,0.0,0.0,1.0,0.0,1.0,0.0,1.0,0.0,0.0,0.0,0.0,0.0,1.0,0.0,0.0,0.0,0.0,0.0,0.0,1.0,0.0,0.0,0.0,0.0,0.0,0.0,0.0,1.0,0.0,1.0,0.0,0.0,0.0,0.0,0.0,0.0,0.0,0.0,0.0,2.3,436.0,481
2,2,2,7.94655624829547,7.859768874645459,4.36685192670814,-0.2860024936341677,-0.4205770953851399,-0.5964936475153945,-0.1855900239260307,-0.5810114286624547,-0.2544940876711947,4.240566908715231,-1.3018576440779113,-0.1811642898141499,0.0,0.0,0.0,1.0,0.0,0.0,0.0,0.0,0.0,0.0,0.0,0.0,0.0,0.0,0.0,1.0,0.0,0.0,0.0,0.0,0.0,0.0,0.0,1.0,0.0,0.0,0.0,1.0,0.0,1.0,0.0,0.0,0.0,0.0,0.0,1.0,0.0,0.0,0.0,0.0,0.0,1.0,0.0,1.0,0.0,0.0,0.0,0.0,0.0,0.0,0.0,0.0,1.0,0.0,0.0,0.0,0.0,0.0,0.0,0.0,0.0,0.0,None,465.0,550
24,24,24,-0.2856734015245286,1.1800911714601034,-0.6442996468265377,-0.2860024936341677,-0.4205770953851399,0.297174705269823,-0.1855900239260307,1.23511069904992,-0.2544940876711947,-0.6527458535176178,-0.5011651496890965,-0.2729268519071736,0.0,0.0,0.0,1.0,0.0,0.0,0.0,0.0,0.0,0.0,0.0,0.0,0.0,0.0,0.0,0.0,0.0,1.0,0.0,0.0,0.0,0.0,1.0,0.0,0.0,0.0,0.0,1.0,0.0,1.0,0.0,0.0,0.0,0.0,0.0,0.0,0.0,0.0,0.0,0.0,1.0,1.0,0.0,0.0,0.0,0.0,1.0,0.0,0.0,0.0,0.0,0.0,1.0,0.0,0.0,0.0,0.0,0.0,0.0,0.0,0.0,0.0,2.6,553.0,592
25,25,25,-0.4149754379091359,-0.4716522605860706,-0.6442996468265377,-0.2860024936341677,-0.4205770953851399,-0.0065272227498688,-0.1855900239260307,0.6324883566726319,-0.2544940876711947,-0.6910130989074537,-0.901511396883504,-0.2637505956978712,0.0,0.0,0.0,0.0,1.0,0.0,0.0,0.0,0.0,0.0,0.0,0.0,0.0,0.0,0.0,0.0,0.0,0.0,0.0,0.0,1.0,0.0,1.0,0.0,0.0,0.0,0.0,1.0,0.0,1.0,0.0,0.0,0.0,0.0,0.0,0.0,0.0,0.0,0.0,0.0,1.0,1.0,0.0,0.0,0.0,0.0,0.0,1.0,0.0,0.0,0.0,0.0,1.0,0.0,0.0,0.0,0.0,0.0,0.0,0.0,0.0,0.0,None,430.0,482
26,26,26,-0.4149754379091359,-0.3572949665746207,-0.6442996468265377,-0.2860024936341677,-0.4205770953851399,-0.0065272227498688,-0.1855900239260307,0.6324883566726319,-0.2544940876711947,-0.6910130989074537,-1.502030767675115,-0.2637505956978712,0.0,0.0,0.0,1.0,0.0,0.0,0.0,0.0,0.0,0.0,0.0,0.0,0.0,0.0,0.0,0.0,0.0,0.0,0.0,0.0,1.0,0.0,1.0,0.0,0.0,0.0,0.0,1.0,0.0,1.0,0.0,0.0,0.0,0.0,0.0,0.0,0.0,0.0,0.0,0.0,1.0,1.0,0.0,0.0,0.0,0.0,1.0,0.0,0.0,0.0,0.0,0.0,1.0,0.0,0.0,0.0,0.0,0.0,0.0,0.0,0.0,0.0,None,492.0,529
27,27,27,-0.4149754379091359,-0.3572949665746207,-0.6442996468265377,-0.2860024936341677,-0.4205770953851399,-0.0065272227498688,-0.1855900239260307,0.6324883566726319,-0.2544940876711947,-0.6910130989074537,-0.901511396883504,-0.2637505956978712,0.0,0.0,0.0,1.0,0.0,0.0,0.0,0.0,0.0,0.0,0.0,0.0,0.0,0.0,0.0,0.0,0.0,0.0,0.0,0.0,1.0,0.0,1.0,0.0,0.0,0.0,0.0,1.0,0.0,1.0,0.0,0.0,0.0,0.0,0.0,0.0,0.0,0.0,0.0,0.0,1.0,1.0,0.0,0.0,0.0,0.0,1.0,0.0,0.0,0.0,0.0,0.0,1.0,0.0,0.0,0.0,0.0,0.0,0.0,0.0,0.0,0.0,None,522.0,555
28,28,28,-0.4149754379091359,-0.3572949665746207,-0.6442996468265377,-0.2860024936341677,-0.4205770953851399,-0.4802441056896751,-0.1855900239260307,0.6324883566726319,-0.2544940876711947,-0.7506388068404537,-0.901511396883504,-0.2637505956978712,0.0,0.0,0.0,1.0,0.0,0.0,0.0,0.0,0.0,0.0,0.0,0.0,0.0,0.0,0.0,0.0,0.0,0.0,0.0,0.0,1.0,0.0,1.0,0.0,0.0,0.0,0.0,1.0,0.0,1.0,0.0,0.0,0.0,0.0,0.0,0.0,0.0,0.0,0.0,0.0,1.0,1.0,0.0,0.0,0.0,0.0,1.0,0.0,0.0,0.0,0.0,0.0,1.0,0.0,0.0,0.0,0.0,0.0,0.0,0.0,0.0,0.0,None,560.0,595
29,29,29,-0.4149754379091359,-0.3572949665746207,-0.6442996468265377,-0.2860024936341677,-0.4205770953851399,-0.4802441056896751,-0.1855900239260307,0.6324883566726319,-0.2544940876711947,-0.7506388068404537,-0.3009920260918928,-0.2637505956978712,0.0,0.0,0.0,1.0,0.0,0.0,0.0,0.0,0.0,0.0,0.0,0.0,0.0,0.0,0.0,0.0,0.0,0.0,0.0,0.0,1.0,0.0,1.0,0.0,0.0,0.0,0.0,1.0,0.0,1.0,0.0,0.0,0.0,0.0,0.0,0.0,0.0,0.0,0.0,0.0,1.0,1.0,0.0,0.0,0.0,0.0,1.0,0.0,0.0,0.0,0.0,0.0,1.0,0.0,0.0,0.0,0.0,0.0,0.0,0.0,0.0,0.0,None,590.0,635
30,30,30,-0.2856734015245286,0.7605286490604793,-0.6442996468265377,-0.2860024936341677,-0.4205770953851399,0.4788146143725094,-0.1855900239260307,1.23511069904992,-0.2544940876711947,-0.6298856240768873,-1.1016845204807075,-0.282103108116476,0.0,0.0,0.0,1.0,0.0,0.0,0.0,0.0,0.0,0.0,0.0,0.0,0.0,0.0,0.0,0.0,0.0,1.0,0.0,0.0,0.0,0.0,1.0,0.0,0.0,0.0,0.0,1.0,0.0,1.0,0.0,0.0,0.0,0.0,0.0,0.0,0.0,0.0,0.0,0.0,1.0,1.0,0.0,0.0,0.0,0.0,0.0,1.0,0.0,0.0,0.0,0.0,1.0,0.0,0.0,0.0,0.0,0.0,0.0,0.0,0.0,0.0,7,478.0,518
31,31,31,-0.2856734015245286,0.7605286490604793,-0.6442996468265377,-0.2860024936341677,-0.4205770953851399,0.4788146143725094,-0.1855900239260307,1.23511069904992,-0.2544940876711947,-0.6298856240768873,-1.1016845204807075,-0.282103108116476,0.0,0.0,0.0,1.0,0.0,0.0,0.0,0.0,0.0,0.0,0.0,0.0,0.0,0.0,0.0,0.0,0.0,1.0,0.0,0.0,0.0,0.0,1.0,0.0,0.0,0.0,0.0,1.0,0.0,1.0,0.0,0.0,0.0,0.0,0.0,0.0,0.0,0.0,0.0,0.0,1.0,1.0,0.0,0.0,0.0,0.0,1.0,0.0,0.0,0.0,0.0,0.0,1.0,0.0,0.0,0.0,0.0,0.0,0.0,0.0,0.0,0.0,None,576.0,628
46,46,46,-0.2856734015245286,0.7635579813521735,-0.6442996468265377,-0.2860024936341677,-0.4205770953851399,1.6122476471732723,-0.1855900239260307,1.23511069904992,0.1495220689157765,-0.4871065268156828,-0.5011651496890965,-0.2362218270699641,0.0,0.0,0.0,1.0,0.0,0.0,0.0,0.0,0.0,0.0,0.0,0.0,0.0,0.0,0.0,0.0,0.0,1.0,0.0,0.0,0.0,0.0,1.0,0.0,0.0,0.0,0.0,1.0,0.0,1.0,0.0,0.0,0.0,0.0,0.0,0.0,0.0,0.0,0.0,0.0,1.0,1.0,0.0,0.0,0.0,0.0,1.0,0.0,0.0,0.0,0.0,0.0,0.0,0.0,1.0,0.0,0.0,0.0,0.0,0.0,0.0,0.0,2,420.0,422
49,49,49,-0.2856734015245286,0.7635579813521735,-0.6442996468265377,-0.2860024936341677,-0.4205770953851399,1.6122476471732723,-0.1855900239260307,1.23511069904992,-0.2544940876711947,-0.4871065268156828,-0.5011651496890965,-0.2362218270699641,0.0,0.0,0.0,1.0,0.0,0.0,0.0,0.0,0.0,0.0,0.0,0.0,0.0,0.0,0.0,0.0,0.0,1.0,0.0,0.0,0.0,0.0,1.0,0.0,0.0,0.0,0.0,1.0,0.0,1.0,0.0,0.0,0.0,0.0,0.0,0.0,0.0,0.0,0.0,0.0,1.0,1.0,0.0,0.0,0.0,0.0,1.0,0.0,0.0,0.0,0.0,0.0,1.0,0.0,0.0,0.0,0.0,0.0,0.0,0.0,0.0,0.0,None,590.0,625
53,53,53,-0.2425727227296595,1.384571101149451,-0.6442996468265377,-0.2860024936341677,-0.4205770953851399,0.297174705269823,-0.1855900239260307,0.6572536584141643,0.1944127529809956,-0.6527458535176178,-0.901511396883504,-0.2637505956978712,0.0,0.0,0.0,1.0,0.0,0.0,0.0,0.0,0.0,0.0,0.0,0.0,0.0,0.0,0.0,0.0,0.0,1.0,0.0,0.0,0.0,0.0,1.0,0.0,0.0,0.0,0.0,1.0,0.0,1.0,0.0,0.0,0.0,0.0,0.0,0.0,0.0,0.0,0.0,0.0,1.0,1.0,0.0,0.0,0.0,0.0,1.0,0.0,0.0,0.0,0.0,0.0,0.0,0.0,0.0,0.0,0.0,0.0,0.0,0.0,0.0,1.0,3,490.0,560
57,57,57,0.1884340652190315,0.0592382235333095,-0.6442996468265377,-0.2860024936341677,-0.4205770953851399,-0.5964936475153945,5.45084773975342,1.070008687439704,-0.2544940876711947,-0.7586482302941403,1.5005660862829406,-0.2637505956978712,0.0,1.0,0.0,0.0,0.0,0.0,0.0,0.0,0.0,0.0,0.0,0.0,0.0,0.0,0.0,0.0,0.0,0.0,0.0,1.0,0.0,0.0,1.0,0.0,0.0,0.0,0.0,1.0,0.0,1.0,0.0,0.0,0.0,0.0,0.0,1.0,0.0,0.0,0.0,0.0,0.0,0.0,1.0,0.0,0.0,0.0,0.0,0.0,0.0,0.0,1.0,0.0,1.0,0.0,0.0,0.0,0.0,0.0,0.0,0.0,0.0,0.0,None,539.0,480
58,58,58,-0.4753163882219526,-0.0922283910513923,-0.6442996468265377,-0.2860024936341677,-0.4205770953851399,0.4933458071007243,-0.1855900239260307,0.3270496351937326,-0.2544940876711947,-0.6280501312020842,-0.901511396883504,-0.2729268519071736,0.0,0.0,0.0,1.0,0.0,0.0,0.0,0.0,0.0,0.0,0.0,0.0,0.0,0.0,0.0,0.0,1.0,0.0,0.0,0.0,0.0,0.0,1.0,0.0,0.0,0.0,0.0,1.0,0.0,1.0,0.0,0.0,0.0,0.0,0.0,0.0,0.0,0.0,0.0,0.0,1.0,1.0,0.0,0.0,0.0,0.0,1.0,0.0,0.0,0.0,0.0,0.0,1.0,0.0,0.0,0.0,0.0,0.0,0.0,0.0,0.0,0.0,2.9,573.0,618
59,59,59,-0.2856734015245286,0.5136380672874153,-0.6442996468265377,-0.2860024936341677,-0.4205770953851399,4.198799952795528,-0.1855900239260307,1.23511069904992,-0.2544940876711947,-0.1613899730324287,-1.502030767675115,-0.2637505956978712,0.0,0.0,0.0,1.0,0.0,0.0,0.0,0.0,0.0,0.0,0.0,0.0,0.0,0.0,0.0,0.0,1.0,0.0,0.0,0.0,0.0,0.0,1.0,0.0,0.0,0.0,0.0,1.0,0.0,1.0,0.0,0.0,0.0,0.0,0.0,0.0,0.0,0.0,0.0,0.0,1.0,1.0,0.0,0.0,0.0,0.0,0.0,1.0,0.0,0.0,0.0,0.0,1.0,0.0,0.0,0.0,0.0,0.0,0.0,0.0,0.0,0.0,None,428.0,502
60,60,60,-0.2856734015245286,0.5136380672874153,-0.6442996468265377,-0.2860024936341677,-0.4205770953851399,1.583185261716843,-0.1855900239260307,1.23511069904992,-0.2544940876711947,-0.4907775125652892,-0.901511396883504,-0.2637505956978712,0.0,0.0,0.0,1.0,0.0,0.0,0.0,0.0,0.0,0.0,0.0,0.0,0.0,0.0,0.0,0.0,1.0,0.0,0.0,0.0,0.0,0.0,1.0,0.0,0.0,0.0,0.0,1.0,0.0,1.0,0.0,0.0,0.0,0.0,0.0,0.0,0.0,0.0,0.0,0.0,1.0,1.0,0.0,0.0,0.0,0.0,0.0,1.0,0.0,0.0,0.0,0.0,1.0,0.0,0.0,0.0,0.0,0.0,0.0,0.0,0.0,0.0,None,423.0,507
61,61,61,-0.2856734015245286,0.5136380672874153,-0.6442996468265377,-0.2860024936341677,-0.4205770953851399,1.583185261716843,-0.1855900239260307,1.23511069904992,-0.2544940876711947,-0.4907775125652892,-0.901511396883504,-0.2637505956978712,0.0,0.0,0.0,1.0,0.0,0.0,0.0,0.0,0.0,0.0,0.0,0.0,0.0,0.0,0.0,0.0,1.0,0.0,0.0,0.0,0.0,0.0,1.0,0.0,0.0,0.0,0.0,1.0,0.0,1.0,0.0,0.0,0.0,0.0,0.0,0.0,0.0,0.0,0.0,0.0,1.0,1.0,0.0,0.0,0.0,1.0,0.0,0.0,0.0,0.0,0.0,0.0,1.0,0.0,0.0,0.0,0.0,0.0,0.0,0.0,0.0,0.0,None,573.0,531
62,62,62,-0.2856734015245286,0.5136380672874153,-0.6442996468265377,-0.2860024936341677,-0.4205770953851399,4.198799952795528,-0.1855900239260307,1.23511069904992,-0.2544940876711947,-0.1613899730324287,-1.502030767675115,-0.2637505956978712,0.0,0.0,0.0,1.0,0.0,0.0,0.0,0.0,0.0,0.0,0.0,0.0,0.0,0.0,0.0,0.0,1.0,0.0,0.0,0.0,0.0,0.0,1.0,0.0,0.0,0.0,0.0,1.0,0.0,1.0,0.0,0.0,0.0,0.0,0.0,0.0,0.0,0.0,0.0,0.0,1.0,1.0,0.0,0.0,0.0,1.0,0.0,0.0,0.0,0.0,0.0,0.0,1.0,0.0,0.0,0.0,0.0,0.0,0.0,0.0,0.0,0.0,None,478.0,538
63,63,63,-0.2856734015245286,0.5136380672874153,-0.6442996468265377,-0.2860024936341677,-0.4205770953851399,4.198799952795528,-0.1855900239260307,1.23511069904992,-0.2544940876711947,-0.1613899730324287,-1.502030767675115,-0.2637505956978712,0.0,0.0,0.0,1.0,0.0,0.0,0.0,0.0,0.0,0.0,0.0,0.0,0.0,0.0,0.0,0.0,1.0,0.0,0.0,0.0,0.0,0.0,1.0,0.0,0.0,0.0,0.0,1.0,0.0,1.0,0.0,0.0,0.0,0.0,0.0,0.0,0.0,0.0,0.0,0.0,1.0,1.0,0.0,0.0,0.0,0.0,1.0,0.0,0.0,0.0,0.0,0.0,1.0,0.0,0.0,0.0,0.0,0.0,0.0,0.0,0.0,0.0,None,568.0,606
64,64,64,-0.2856734015245286,0.5136380672874153,-0.6442996468265377,-0.2860024936341677,-0.4205770953851399,1.583185261716843,-0.1855900239260307,1.23511069904992,-0.2544940876711947,-0.4907775125652892,-0.901511396883504,-0.2637505956978712,0.0,0.0,0.0,1.0,0.0,0.0,0.0,0.0,0.0,0.0,0.0,0.0,0.0,0.0,0.0,0.0,1.0,0.0,0.0,0.0,0.0,0.0,1.0,0.0,0.0,0.0,0.0,1.0,0.0,1.0,0.0,0.0,0.0,0.0,0.0,0.0,0.0,0.0,0.0,0.0,1.0,1.0,0.0,0.0,0.0,0.0,1.0,0.0,0.0,0.0,0.0,0.0,1.0,0.0,0.0,0.0,0.0,0.0,0.0,0.0,0.0,0.0,None,570.0,607
66,66,66,-0.4149754379091359,-0.1982550212606837,-0.6442996468265377,-0.2860024936341677,-0.4205770953851399,0.2753779161775005,-0.1855900239260307,0.0216109137148331,-0.2544940876711947,-0.6554712823317195,-0.901511396883504,-0.2894441130839179,0.0,0.0,0.0,0.0,1.0,0.0,0.0,0.0,0.0,0.0,0.0,0.0,0.0,0.0,0.0,0.0,0.0,1.0,0.0,0.0,0.0,0.0,1.0,0.0,0.0,0.0,0.0,1.0,0.0,1.0,0.0,0.0,0.0,0.0,0.0,0.0,0.0,0.0,0.0,0.0,1.0,1.0,0.0,0.0,0.0,0.0,1.0,0.0,0.0,0.0,0.0,0.0,1.0,0.0,0.0,0.0,0.0,0.0,0.0,0.0,0.0,0.0,None,505.0,530
67,67,67,-0.0701700075501831,-0.4330282738669717,1.5828788302999854,-0.2860024936341677,0.3868724087658746,-0.5964936475153945,-0.1855900239260307,-0.5810114286624547,-0.2544940876711947,1.459517098407392,0.9000467154913294,-0.1261067525583357,0.0,1.0,0.0,0.0,0.0,0.0,0.0,0.0,0.0,0.0,0.0,0.0,0.0,0.0,0.0,0.0,0.0,0.0,0.0,1.0,0.0,0.0,0.0,0.0,0.0,1.0,0.0,1.0,0.0,0.0,0.0,0.0,0.0,1.0,0.0,1.0,0.0,0.0,0.0,0.0,0.0,1.0,0.0,1.0,0.0,0.0,0.0,0.0,0.0,0.0,0.0,0.0,1.0,0.0,0.0,0.0,0.0,0.0,0.0,0.0,0.0,0.0,2.7,532.0,591
68,68,68,-0.4149754379091359,-0.5844948884516735,-0.4215817991138854,0.1105828374852358,-0.4205770953851399,-0.5964936475153945,-0.1855900239260307,-0.5810114286624547,-0.2544940876711947,-0.4872177688080952,-0.3009920260918928,-0.2729268519071736,0.0,0.0,0.0,0.0,0.0,0.0,1.0,0.0,0.0,0.0,0.0,0.0,0.0,0.0,0.0,0.0,0.0,0.0,0.0,1.0,0.0,0.0,0.0,0.0,0.0,1.0,0.0,0.0,1.0,1.0,0.0,0.0,0.0,0.0,0.0,1.0,0.0,0.0,0.0,0.0,0.0,1.0,0.0,1.0,0.0,0.0,0.0,0.0,0.0,0.0,0.0,0.0,1.0,0.0,0.0,0.0,0.0,0.0,0.0,0.0,0.0,0.0,2.7,551.0,612
69,69,69,-0.2425727227296595,-0.3194283129284452,1.248802058731007,-0.2860024936341677,0.1561725504370132,-0.5964936475153945,-0.1855900239260307,-0.5810114286624547,2.438946956241947,1.175905638752199,0.499700468296922,-0.0710492153025215,0.0,1.0,0.0,0.0,0.0,0.0,0.0,0.0,0.0,0.0,0.0,0.0,0.0,0.0,1.0,0.0,0.0,0.0,0.0,0.0,0.0,0.0,0.0,0.0,0.0,1.0,0.0,1.0,0.0,0.0,0.0,0.0,0.0,0.0,1.0,1.0,0.0,0.0,0.0,0.0,0.0,1.0,0.0,1.0,0.0,0.0,0.0,0.0,0.0,0.0,0.0,0.0,0.0,0.0,0.0,1.0,0.0,0.0,0.0,0.0,0.0,0.0,3.5,562.0,618
70,70,70,-0.4149754379091359,-0.5844948884516735,-0.4215817991138854,0.1105828374852358,-0.4205770953851399,-0.5964936475153945,-0.1855900239260307,-0.5810114286624547,-0.2544940876711947,-0.4872177688080952,-0.3009920260918928,-0.2729268519071736,0.0,0.0,0.0,0.0,0.0,0.0,1.0,0.0,0.0,0.0,0.0,0.0,0.0,0.0,0.0,0.0,0.0,0.0,1.0,0.0,0.0,0.0,0.0,0.0,0.0,1.0,0.0,0.0,1.0,1.0,0.0,0.0,0.0,0.0,0.0,1.0,0.0,0.0,0.0,0.0,0.0,1.0,0.0,1.0,0.0,0.0,0.0,0.0,0.0,0.0,0.0,0.0,1.0,0.0,0.0,0.0,0.0,0.0,0.0,0.0,0.0,0.0,3.6,578.0,641
71,71,71,-0.3287740803193977,-0.546628234805498,-0.2823831442934777,-0.2860024936341677,0.2330725032133003,-0.3756195180465277,-0.1855900239260307,-0.5810114286624547,-0.2544940876711947,-0.3897697834549085,-0.901511396883504,-0.282103108116476,0.0,1.0,0.0,0.0,0.0,0.0,0.0,0.0,0.0,0.0,0.0,0.0,0.0,0.0,0.0,0.0,0.0,0.0,0.0,1.0,0.0,0.0,0.0,0.0,0.0,1.0,0.0,1.0,0.0,0.0,0.0,1.0,0.0,0.0,0.0,0.0,0.0,0.0,0.0,1.0,0.0,1.0,0.0,1.0,0.0,0.0,0.0,0.0,0.0,0.0,0.0,0.0,1.0,0.0,0.0,0.0,0.0,0.0,0.0,0.0,0.0,0.0,3.7,580.0,588
72,72,72,0.1884340652190315,-0.3201856460013687,3.531659997785693,-0.2860024936341677,0.7329221962591664,-0.5964936475153945,-0.1855900239260307,-0.5810114286624547,-0.2544940876711947,3.406251965622879,0.9000467154913294,-0.1261067525583357,0.0,1.0,0.0,0.0,0.0,0.0,0.0,0.0,0.0,0.0,0.0,0.0,0.0,0.0,0.0,0.0,0.0,0.0,0.0,1.0,0.0,0.0,0.0,0.0,0.0,1.0,0.0,1.0,0.0,0.0,0.0,1.0,0.0,0.0,0.0,1.0,0.0,0.0,0.0,0.0,0.0,1.0,0.0,1.0,0.0,0.0,0.0,0.0,0.0,0.0,0.0,0.0,1.0,0.0,0.0,0.0,0.0,0.0,0.0,0.0,0.0,0.0,4,585.0,630
73,73,73,-0.5787580173296385,-0.6223615420978491,-0.2545434133293962,-0.2860024936341677,-0.3052271662207092,-0.5964936475153945,-0.1855900239260307,-0.5810114286624547,-0.2544940876711947,-0.3759757763957816,0.9000467154913294,-0.0710492153025215,0.0,0.0,0.0,0.0,0.0,0.0,0.0,0.0,0.0,0.0,1.0,0.0,0.0,0.0,0.0,0.0,0.0,0.0,0.0,1.0,0.0,0.0,0.0,0.0,0.0,1.0,0.0,1.0,0.0,0.0,0.0,1.0,0.0,0.0,0.0,1.0,0.0,0.0,0.0,0.0,0.0,1.0,0.0,1.0,0.0,0.0,0.0,0.0,0.0,0.0,0.0,0.0,1.0,0.0,0.0,0.0,0.0,0.0,0.0,0.0,0.0,0.0,8.3,532.0,590
74,74,74,-0.2425727227296595,-0.5087615811593226,1.8055966780126376,-0.2860024936341677,-0.4205770953851399,-0.5964936475153945,-0.1855900239260307,-0.5810114286624547,-0.2544940876711947,1.6820010832320191,0.3996139064983202,-0.2866912362211271,0.0,0.0,0.0,0.0,0.0,1.0,0.0,0.0,0.0,0.0,0.0,0.0,0.0,0.0,0.0,0.0,0.0,0.0,0.0,1.0,0.0,0.0,0.0,0.0,0.0,1.0,0.0,1.0,0.0,1.0,0.0,0.0,0.0,0.0,0.0,1.0,0.0,0.0,0.0,0.0,0.0,1.0,0.0,1.0,0.0,0.0,0.0,0.0,0.0,0.0,0.0,0.0,1.0,0.0,0.0,0.0,0.0,0.0,0.0,0.0,0.0,0.0,None,499.0,552
75,75,75,-0.2425727227296595,-0.5087615811593226,1.8055966780126376,-0.2860024936341677,-0.4205770953851399,-0.5964936475153945,-0.1855900239260307,-0.5810114286624547,-0.2544940876711947,1.6820010832320191,0.3996139064983202,-0.282103108116476,0.0,0.0,0.0,0.0,0.0,1.0,0.0,0.0,0.0,0.0,0.0,0.0,0.0,0.0,0.0,0.0,0.0,0.0,0.0,1.0,0.0,0.0,0.0,0.0,0.0,1.0,0.0,1.0,0.0,1.0,0.0,0.0,0.0,0.0,0.0,1.0,0.0,0.0,0.0,0.0,0.0,1.0,0.0,1.0,0.0,0.0,0.0,0.0,0.0,0.0,0.0,0.0,1.0,0.0,0.0,0.0,0.0,0.0,0.0,0.0,0.0,0.0,None,519.0,562
76,76,76,-0.4149754379091359,-0.5844948884516735,-0.4215817991138854,0.1105828374852358,-0.4205770953851399,-0.5964936475153945,-0.1855900239260307,-0.5810114286624547,-0.2544940876711947,-0.4872177688080952,-0.3009920260918928,-0.282103108116476,0.0,0.0,0.0,0.0,0.0,0.0,1.0,0.0,0.0,0.0,0.0,0.0,0.0,0.0,0.0,0.0,0.0,0.0,0.0,1.0,0.0,0.0,0.0,0.0,0.0,1.0,0.0,0.0,1.0,1.0,0.0,0.0,0.0,0.0,0.0,1.0,0.0,0.0,0.0,0.0,0.0,1.0,0.0,1.0,0.0,0.0,0.0,0.0,0.0,0.0,0.0,0.0,1.0,0.0,0.0,0.0,0.0,0.0,0.0,0.0,0.0,0.0,None,511.0,572
77,77,77,-0.2425727227296595,-0.5087615811593226,1.8055966780126376,-0.2860024936341677,-0.4205770953851399,-0.5964936475153945,-0.1855900239260307,-0.5810114286624547,-0.2544940876711947,1.6820010832320191,0.3996139064983202,-0.2775149800118248,0.0,0.0,0.0,0.0,0.0,1.0,0.0,0.0,0.0,0.0,0.0,0.0,0.0,0.0,0.0,0.0,0.0,0.0,0.0,1.0,0.0,0.0,0.0,0.0,0.0,1.0,0.0,1.0,0.0,1.0,0.0,0.0,0.0,0.0,0.0,1.0,0.0,0.0,0.0,0.0,0.0,1.0,0.0,1.0,0.0,0.0,0.0,0.0,0.0,0.0,0.0,0.0,1.0,0.0,0.0,0.0,0.0,0.0,0.0,0.0,0.0,0.0,None,530.0,575
78,78,78,-0.4149754379091359,-0.5844948884516735,-0.4215817991138854,0.1105828374852358,-0.4205770953851399,-0.5964936475153945,-0.1855900239260307,-0.5810114286624547,-0.2544940876711947,-0.4872177688080952,-0.3009920260918928,-0.278432605632755,0.0,0.0,0.0,0.0,0.0,0.0,1.0,0.0,0.0,0.0,0.0,0.0,0.0,0.0,0.0,0.0,0.0,0.0,0.0,1.0,0.0,0.0,0.0,0.0,0.0,1.0,0.0,0.0,1.0,1.0,0.0,0.0,0.0,0.0,0.0,1.0,0.0,0.0,0.0,0.0,0.0,1.0,0.0,1.0,0.0,0.0,0.0,0.0,0.0,0.0,0.0,0.0,1.0,0.0,0.0,0.0,0.0,0.0,0.0,0.0,0.0,0.0,None,532.0,581
79,79,79,-0.4149754379091359,-0.5844948884516735,-0.4215817991138854,0.1105828374852358,-0.4205770953851399,-0.5964936475153945,-0.1855900239260307,-0.5810114286624547,-0.2544940876711947,-0.4872177688080952,-0.3009920260918928,-0.282103108116476,0.0,0.0,0.0,0.0,0.0,0.0,1.0,0.0,0.0,0.0,0.0,0.0,0.0,0.0,0.0,0.0,0.0,0.0,1.0,0.0,0.0,0.0,0.0,0.0,0.0,1.0,0.0,0.0,1.0,1.0,0.0,0.0,0.0,0.0,0.0,1.0,0.0,0.0,0.0,0.0,0.0,1.0,0.0,1.0,0.0,0.0,0.0,0.0,0.0,0.0,0.0,0.0,1.0,0.0,0.0,0.0,0.0,0.0,0.0,0.0,0.0,0.0,None,529.0,582
80,80,80,-0.2425727227296595,-0.5087615811593226,1.8055966780126376,-0.2860024936341677,-0.4205770953851399,-0.5964936475153945,-0.1855900239260307,-0.5810114286624547,-0.2544940876711947,1.6820010832320191,0.3996139064983202,-0.1261067525583357,0.0,0.0,0.0,0.0,0.0,1.0,0.0,0.0,0.0,0.0,0.0,0.0,0.0,0.0,0.0,0.0,0.0,0.0,0.0,1.0,0.0,0.0,0.0,0.0,0.0,1.0,0.0,1.0,0.0,1.0,0.0,0.0,0.0,0.0,0.0,1.0,0.0,0.0,0.0,0.0,0.0,1.0,0.0,1.0,0.0,0.0,0.0,0.0,0.0,0.0,0.0,0.0,1.0,0.0,0.0,0.0,0.0,0.0,0.0,0.0,0.0,0.0,None,549.0,592
81,81,81,-0.4149754379091359,-0.5844948884516735,-0.4215817991138854,0.1105828374852358,-0.4205770953851399,-0.5964936475153945,-0.1855900239260307,-0.5810114286624547,-0.2544940876711947,-0.4872177688080952,-0.3009920260918928,-0.278432605632755,0.0,0.0,0.0,0.0,0.0,0.0,1.0,0.0,0.0,0.0,0.0,0.0,0.0,0.0,0.0,0.0,0.0,0.0,1.0,0.0,0.0,0.0,0.0,0.0,0.0,1.0,0.0,0.0,1.0,1.0,0.0,0.0,0.0,0.0,0.0,1.0,0.0,0.0,0.0,0.0,0.0,1.0,0.0,1.0,0.0,0.0,0.0,0.0,0.0,0.0,0.0,0.0,1.0,0.0,0.0,0.0,0.0,0.0,0.0,0.0,0.0,0.0,None,552.0,601
82,82,82,-0.458076116704005,-0.6034282152747613,1.8055966780126376,-0.2860024936341677,-0.4205770953851399,-0.5964936475153945,-0.1855900239260307,-0.5810114286624547,-0.2544940876711947,1.6820010832320191,0.6998735918941258,-0.2903617387048481,0.0,0.0,0.0,0.0,0.0,0.0,0.0,0.0,0.0,1.0,0.0,0.0,0.0,0.0,0.0,0.0,0.0,0.0,0.0,1.0,0.0,0.0,0.0,0.0,0.0,1.0,0.0,1.0,0.0,1.0,0.0,0.0,0.0,0.0,0.0,1.0,0.0,0.0,0.0,0.0,0.0,1.0,0.0,1.0,0.0,0.0,0.0,0.0,0.0,0.0,0.0,0.0,1.0,0.0,0.0,0.0,0.0,0.0,0.0,0.0,0.0,0.0,None,456.0,607
83,83,83,-0.458076116704005,-0.6034282152747613,1.8055966780126376,-0.2860024936341677,-0.4205770953851399,-0.5964936475153945,-0.1855900239260307,-0.5810114286624547,-0.2544940876711947,1.6820010832320191,0.6998735918941258,-0.2889853002734527,0.0,0.0,0.0,0.0,0.0,0.0,0.0,0.0,0.0,1.0,0.0,0.0,0.0,0.0,0.0,0.0,0.0,0.0,0.0,1.0,0.0,0.0,0.0,0.0,0.0,1.0,0.0,1.0,0.0,1.0,0.0,0.0,0.0,0.0,0.0,1.0,0.0,0.0,0.0,0.0,0.0,1.0,0.0,1.0,0.0,0.0,0.0,0.0,0.0,0.0,0.0,0.0,1.0,0.0,0.0,0.0,0.0,0.0,0.0,0.0,0.0,0.0,None,487.0,635
84,84,84,-0.458076116704005,-0.6034282152747613,1.8055966780126376,-0.2860024936341677,-0.4205770953851399,-0.5964936475153945,-0.1855900239260307,-0.5810114286624547,-0.2544940876711947,1.6820010832320191,1.300392962685737,-0.2903617387048481,0.0,0.0,0.0,0.0,0.0,0.0,0.0,0.0,0.0,1.0,0.0,0.0,0.0,0.0,0.0,0.0,0.0,0.0,0.0,1.0,0.0,0.0,0.0,0.0,0.0,1.0,0.0,1.0,0.0,1.0,0.0,0.0,0.0,0.0,0.0,1.0,0.0,0.0,0.0,0.0,0.0,1.0,0.0,1.0,0.0,0.0,0.0,0.0,0.0,0.0,0.0,0.0,1.0,0.0,0.0,0.0,0.0,0.0,0.0,0.0,0.0,0.0,None,495.0,669
85,85,85,-0.458076116704005,-0.6034282152747613,1.8055966780126376,-0.2860024936341677,-0.4205770953851399,-0.5964936475153945,-0.1855900239260307,-0.5810114286624547,-0.2544940876711947,1.6820010832320191,0.9000467154913294,-0.2903617387048481,0.0,0.0,0.0,0.0,0.0,0.0,1.0,0.0,0.0,0.0,0.0,0.0,0.0,0.0,0.0,0.0,0.0,0.0,0.0,1.0,0.0,0.0,0.0,0.0,0.0,1.0,0.0,1.0,0.0,1.0,0.0,0.0,0.0,0.0,0.0,1.0,0.0,0.0,0.0,0.0,0.0,1.0,0.0,1.0,0.0,0.0,0.0,0.0,0.0,0.0,0.0,0.0,1.0,0.0,0.0,0.0,0.0,0.0,0.0,0.0,0.0,0.0,None,484.0,691
86,86,86,-0.458076116704005,-0.6034282152747613,1.8055966780126376,-0.2860024936341677,-0.4205770953851399,-0.5964936475153945,-0.1855900239260307,-0.5810114286624547,-0.2544940876711947,1.6820010832320191,1.300392962685737,-0.2889853002734527,0.0,0.0,0.0,0.0,0.0,0.0,0.0,0.0,0.0,1.0,0.0,0.0,0.0,0.0,0.0,0.0,0.0,0.0,0.0,1.0,0.0,0.0,0.0,0.0,0.0,1.0,0.0,1.0,0.0,1.0,0.0,0.0,0.0,0.0,0.0,1.0,0.0,0.0,0.0,0.0,0.0,1.0,0.0,1.0,0.0,0.0,0.0,0.0,0.0,0.0,0.0,0.0,1.0,0.0,0.0,0.0,0.0,0.0,0.0,0.0,0.0,0.0,None,502.0,696
87,87,87,-0.458076116704005,-0.6034282152747613,1.8055966780126376,-0.2860024936341677,-0.4205770953851399,-0.5964936475153945,-0.1855900239260307,-0.5810114286624547,-0.2544940876711947,1.6820010832320191,1.300392962685737,-0.2866912362211271,0.0,0.0,0.0,0.0,0.0,0.0,0.0,0.0,0.0,1.0,0.0,0.0,0.0,0.0,0.0,0.0,0.0,0.0,0.0,1.0,0.0,0.0,0.0,0.0,0.0,1.0,0.0,1.0,0.0,1.0,0.0,0.0,0.0,0.0,0.0,1.0,0.0,0.0,0.0,0.0,0.0,1.0,0.0,1.0,0.0,0.0,0.0,0.0,0.0,0.0,0.0,0.0,1.0,0.0,0.0,0.0,0.0,0.0,0.0,0.0,0.0,0.0,None,530.0,706
88,88,88,-0.458076116704005,-0.6034282152747613,1.8055966780126376,-0.2860024936341677,-0.4205770953851399,-0.5964936475153945,-0.1855900239260307,-0.5810114286624547,-0.2544940876711947,1.6820010832320191,1.300392962685737,-0.282103108116476,0.0,0.0,0.0,0.0,0.0,0.0,0.0,0.0,0.0,1.0,0.0,0.0,0.0,0.0,0.0,0.0,0.0,0.0,0.0,1.0,0.0,0.0,0.0,0.0,0.0,1.0,0.0,1.0,0.0,1.0,0.0,0.0,0.0,0.0,0.0,1.0,0.0,0.0,0.0,0.0,0.0,1.0,0.0,1.0,0.0,0.0,0.0,0.0,0.0,0.0,0.0,0.0,1.0,0.0,0.0,0.0,0.0,0.0,0.0,0.0,0.0,0.0,None,483.0,722
89,89,89,-0.458076116704005,-0.6034282152747613,1.8055966780126376,-0.2860024936341677,-0.4205770953851399,-0.5964936475153945,-0.1855900239260307,-0.5810114286624547,-0.2544940876711947,1.6820010832320191,1.300392962685737,-0.2903617387048481,0.0,0.0,0.0,0.0,0.0,0.0,1.0,0.0,0.0,0.0,0.0,0.0,0.0,0.0,0.0,0.0,0.0,0.0,0.0,1.0,0.0,0.0,0.0,0.0,0.0,1.0,0.0,1.0,0.0,1.0,0.0,0.0,0.0,0.0,0.0,1.0,0.0,0.0,0.0,0.0,0.0,1.0,0.0,1.0,0.0,0.0,0.0,0.0,0.0,0.0,0.0,0.0,1.0,0.0,0.0,0.0,0.0,0.0,0.0,0.0,0.0,0.0,None,507.0,724
90,90,90,-0.458076116704005,-0.6034282152747613,1.8055966780126376,-0.2860024936341677,-0.4205770953851399,-0.5964936475153945,-0.1855900239260307,-0.5810114286624547,-0.2544940876711947,1.6820010832320191,1.300392962685737,-0.2775149800118248,0.0,0.0,0.0,0.0,0.0,0.0,0.0,0.0,0.0,1.0,0.0,0.0,0.0,0.0,0.0,0.0,0.0,0.0,0.0,1.0,0.0,0.0,0.0,0.0,0.0,1.0,0.0,1.0,0.0,1.0,0.0,0.0,0.0,0.0,0.0,1.0,0.0,0.0,0.0,0.0,0.0,1.0,0.0,1.0,0.0,0.0,0.0,0.0,0.0,0.0,0.0,0.0,1.0,0.0,0.0,0.0,0.0,0.0,0.0,0.0,0.0,0.0,None,510.0,725
91,91,91,-0.458076116704005,-0.6034282152747613,1.8055966780126376,-0.2860024936341677,-0.4205770953851399,-0.5964936475153945,-0.1855900239260307,-0.5810114286624547,-0.2544940876711947,1.6820010832320191,0.6998735918941258,-0.2903617387048481,0.0,0.0,0.0,0.0,0.0,0.0,1.0,0.0,0.0,0.0,0.0,0.0,0.0,0.0,0.0,0.0,0.0,0.0,0.0,1.0,0.0,0.0,0.0,0.0,0.0,1.0,0.0,1.0,0.0,1.0,0.0,0.0,0.0,0.0,0.0,1.0,0.0,0.0,0.0,0.0,0.0,1.0,0.0,1.0,0.0,0.0,0.0,0.0,0.0,0.0,0.0,0.0,1.0,0.0,0.0,0.0,0.0,0.0,0.0,0.0,0.0,0.0,None,499.0,729
92,92,92,-0.458076116704005,-0.6034282152747613,1.8055966780126376,-0.2860024936341677,-0.4205770953851399,-0.5964936475153945,-0.1855900239260307,-0.5810114286624547,-0.2544940876711947,1.6820010832320191,1.1002198390885332,-0.2903617387048481,0.0,0.0,0.0,0.0,0.0,0.0,1.0,0.0,0.0,0.0,0.0,0.0,0.0,0.0,0.0,0.0,0.0,0.0,0.0,1.0,0.0,0.0,0.0,0.0,0.0,1.0,0.0,1.0,0.0,1.0,0.0,0.0,0.0,0.0,0.0,1.0,0.0,0.0,0.0,0.0,0.0,1.0,0.0,1.0,0.0,0.0,0.0,0.0,0.0,0.0,0.0,0.0,1.0,0.0,0.0,0.0,0.0,0.0,0.0,0.0,0.0,0.0,None,500.0,736
93,93,93,-0.458076116704005,-0.6034282152747613,1.8055966780126376,-0.2860024936341677,-0.4205770953851399,-0.5964936475153945,-0.1855900239260307,-0.5810114286624547,-0.2544940876711947,1.6820010832320191,0.499700468296922,-0.2866912362211271,0.0,0.0,0.0,0.0,0.0,0.0,1.0,0.0,0.0,0.0,0.0,0.0,0.0,0.0,0.0,0.0,0.0,0.0,0.0,1.0,0.0,0.0,0.0,0.0,0.0,1.0,0.0,1.0,0.0,1.0,0.0,0.0,0.0,0.0,0.0,1.0,0.0,0.0,0.0,0.0,0.0,1.0,0.0,1.0,0.0,0.0,0.0,0.0,0.0,0.0,0.0,0.0,1.0,0.0,0.0,0.0,0.0,0.0,0.0,0.0,0.0,0.0,None,493.0,736
94,94,94,-0.458076116704005,-0.6034282152747613,1.8055966780126376,-0.2860024936341677,-0.4205770953851399,-0.5964936475153945,-0.1855900239260307,-0.5810114286624547,-0.2544940876711947,1.6820010832320191,1.300392962685737,-0.2889853002734527,0.0,0.0,0.0,0.0,0.0,0.0,1.0,0.0,0.0,0.0,0.0,0.0,0.0,0.0,0.0,0.0,0.0,0.0,0.0,1.0,0.0,0.0,0.0,0.0,0.0,1.0,0.0,1.0,0.0,1.0,0.0,0.0,0.0,0.0,0.0,1.0,0.0,0.0,0.0,0.0,0.0,1.0,0.0,1.0,0.0,0.0,0.0,0.0,0.0,0.0,0.0,0.0,1.0,0.0,0.0,0.0,0.0,0.0,0.0,0.0,0.0,0.0,None,522.0,745
95,95,95,-0.458076116704005,-0.6034282152747613,1.8055966780126376,-0.2860024936341677,-0.4205770953851399,-0.5964936475153945,-0.1855900239260307,-0.5810114286624547,-0.2544940876711947,1.6820010832320191,0.9000467154913294,-0.2866912362211271,0.0,0.0,0.0,0.0,0.0,0.0,1.0,0.0,0.0,0.0,0.0,0.0,0.0,0.0,0.0,0.0,0.0,0.0,0.0,1.0,0.0,0.0,0.0,0.0,0.0,1.0,0.0,1.0,0.0,1.0,0.0,0.0,0.0,0.0,0.0,1.0,0.0,0.0,0.0,0.0,0.0,1.0,0.0,1.0,0.0,0.0,0.0,0.0,0.0,0.0,0.0,0.0,1.0,0.0,0.0,0.0,0.0,0.0,0.0,0.0,0.0,0.0,None,506.0,747
96,96,96,-0.458076116704005,-0.6034282152747613,1.8055966780126376,-0.2860024936341677,-0.4205770953851399,-0.5964936475153945,-0.1855900239260307,-0.5810114286624547,-0.2544940876711947,1.6820010832320191,0.6998735918941258,-0.2866912362211271,0.0,0.0,0.0,0.0,0.0,0.0,1.0,0.0,0.0,0.0,0.0,0.0,0.0,0.0,0.0,0.0,0.0,0.0,0.0,1.0,0.0,0.0,0.0,0.0,0.0,1.0,0.0,1.0,0.0,1.0,0.0,0.0,0.0,0.0,0.0,1.0,0.0,0.0,0.0,0.0,0.0,1.0,0.0,1.0,0.0,0.0,0.0,0.0,0.0,0.0,0.0,0.0,1.0,0.0,0.0,0.0,0.0,0.0,0.0,0.0,0.0,0.0,None,520.0,751
97,97,97,-0.458076116704005,-0.6034282152747613,1.8055966780126376,-0.2860024936341677,-0.4205770953851399,-0.5964936475153945,-0.1855900239260307,-0.5810114286624547,-0.2544940876711947,1.6820010832320191,0.9000467154913294,-0.282103108116476,0.0,0.0,0.0,0.0,0.0,0.0,1.0,0.0,0.0,0.0,0.0,0.0,0.0,0.0,0.0,0.0,0.0,0.0,0.0,1.0,0.0,0.0,0.0,0.0,0.0,1.0,0.0,1.0,0.0,1.0,0.0,0.0,0.0,0.0,0.0,1.0,0.0,0.0,0.0,0.0,0.0,1.0,0.0,1.0,0.0,0.0,0.0,0.0,0.0,0.0,0.0,0.0,1.0,0.0,0.0,0.0,0.0,0.0,0.0,0.0,0.0,0.0,None,511.0,765
98,98,98,-0.458076116704005,-0.6034282152747613,1.8055966780126376,-0.2860024936341677,-0.4205770953851399,-0.5964936475153945,-0.1855900239260307,-0.5810114286624547,-0.2544940876711947,1.6820010832320191,0.499700468296922,-0.2775149800118248,0.0,0.0,0.0,0.0,0.0,0.0,1.0,0.0,0.0,0.0,0.0,0.0,0.0,0.0,0.0,0.0,0.0,0.0,0.0,1.0,0.0,0.0,0.0,0.0,0.0,1.0,0.0,1.0,0.0,1.0,0.0,0.0,0.0,0.0,0.0,1.0,0.0,0.0,0.0,0.0,0.0,1.0,0.0,1.0,0.0,0.0,0.0,0.0,0.0,0.0,0.0,0.0,1.0,0.0,0.0,0.0,0.0,0.0,0.0,0.0,0.0,0.0,None,502.0,765
99,99,99,-0.458076116704005,-0.6034282152747613,1.8055966780126376,-0.2860024936341677,-0.4205770953851399,-0.5964936475153945,-0.1855900239260307,-0.5810114286624547,-0.2544940876711947,1.6820010832320191,1.1002198390885332,-0.2866912362211271,0.0,0.0,0.0,0.0,0.0,0.0,1.0,0.0,0.0,0.0,0.0,0.0,0.0,0.0,0.0,0.0,0.0,0.0,0.0,1.0,0.0,0.0,0.0,0.0,0.0,1.0,0.0,1.0,0.0,1.0,0.0,0.0,0.0,0.0,0.0,1.0,0.0,0.0,0.0,0.0,0.0,1.0,0.0,1.0,0.0,0.0,0.0,0.0,0.0,0.0,0.0,0.0,1.0,0.0,0.0,0.0,0.0,0.0,0.0,0.0,0.0,0.0,None,527.0,772
100,100,100,-0.458076116704005,-0.6034282152747613,1.8055966780126376,-0.2860024936341677,-0.4205770953851399,-0.5964936475153945,-0.1855900239260307,-0.5810114286624547,-0.2544940876711947,1.6820010832320191,0.499700468296922,-0.2637505956978712,0.0,0.0,0.0,0.0,0.0,0.0,1.0,0.0,0.0,0.0,0.0,0.0,0.0,0.0,0.0,0.0,0.0,0.0,0.0,1.0,0.0,0.0,0.0,0.0,0.0,1.0,0.0,1.0,0.0,1.0,0.0,0.0,0.0,0.0,0.0,1.0,0.0,0.0,0.0,0.0,0.0,1.0,0.0,1.0,0.0,0.0,0.0,0.0,0.0,0.0,0.0,0.0,1.0,0.0,0.0,0.0,0.0,0.0,0.0,0.0,0.0,0.0,None,513.0,785
101,101,101,-0.458076116704005,-0.6034282152747613,1.8055966780126376,-0.2860024936341677,-0.4205770953851399,-0.5964936475153945,-0.1855900239260307,-0.5810114286624547,-0.2544940876711947,1.6820010832320191,0.6998735918941258,-0.2775149800118248,0.0,0.0,0.0,0.0,0.0,0.0,1.0,0.0,0.0,0.0,0.0,0.0,0.0,0.0,0.0,0.0,0.0,0.0,0.0,1.0,0.0,0.0,0.0,0.0,0.0,1.0,0.0,1.0,0.0,1.0,0.0,0.0,0.0,0.0,0.0,1.0,0.0,0.0,0.0,0.0,0.0,1.0,0.0,1.0,0.0,0.0,0.0,0.0,0.0,0.0,0.0,0.0,1.0,0.0,0.0,0.0,0.0,0.0,0.0,0.0,0.0,0.0,None,529.0,788
166,166,166,-0.2425727227296595,-0.2436950056360943,0.1908922820959084,-0.1797176249196385,-0.4205770953851399,-0.4511817202332452,-0.1855900239260307,-0.168256399636915,-0.2544940876711947,0.1022535489847543,0.0993542211025146,-0.282103108116476,0.0,0.0,0.0,1.0,0.0,0.0,0.0,0.0,0.0,0.0,0.0,0.0,0.0,0.0,0.0,0.0,0.0,0.0,0.0,1.0,0.0,0.0,0.0,0.0,0.0,1.0,0.0,0.0,1.0,1.0,0.0,0.0,0.0,0.0,0.0,0.0,0.0,0.0,0.0,0.0,1.0,1.0,0.0,0.0,0.0,0.0,0.0,0.0,0.0,0.0,0.0,1.0,1.0,0.0,0.0,0.0,0.0,0.0,0.0,0.0,0.0,0.0,None,462.0,522
167,167,167,-0.2425727227296595,-0.3951616202207962,0.1908922820959084,-0.2860024936341677,-0.4205770953851399,-0.4511817202332452,-0.1855900239260307,-0.168256399636915,-0.2544940876711947,0.0873471220015043,0.0993542211025146,-0.2816442953060109,0.0,0.0,0.0,1.0,0.0,0.0,0.0,0.0,0.0,0.0,0.0,0.0,0.0,0.0,0.0,0.0,0.0,0.0,0.0,1.0,0.0,0.0,0.0,0.0,0.0,1.0,0.0,1.0,0.0,1.0,0.0,0.0,0.0,0.0,0.0,0.0,0.0,0.0,0.0,0.0,1.0,1.0,0.0,0.0,0.0,0.0,0.0,0.0,0.0,0.0,0.0,1.0,1.0,0.0,0.0,0.0,0.0,0.0,0.0,0.0,0.0,0.0,None,463.0,572
168,168,168,-0.2425727227296595,-0.2436950056360943,0.1908922820959084,-0.1789244542602298,-0.4205770953851399,-0.4511817202332452,-0.1855900239260307,-0.168256399636915,-0.2544940876711947,0.1023647909771666,0.0993542211025146,-0.2545743394885689,0.0,0.0,0.0,1.0,0.0,0.0,0.0,0.0,0.0,0.0,0.0,0.0,0.0,0.0,0.0,0.0,0.0,0.0,0.0,1.0,0.0,0.0,0.0,0.0,0.0,1.0,0.0,0.0,1.0,1.0,0.0,0.0,0.0,0.0,0.0,0.0,0.0,0.0,0.0,0.0,1.0,1.0,0.0,0.0,0.0,0.0,0.0,0.0,0.0,0.0,0.0,1.0,1.0,0.0,0.0,0.0,0.0,0.0,0.0,0.0,0.0,0.0,None,505.0,574
169,169,169,-0.2425727227296595,-0.3951616202207962,0.1908922820959084,-0.2860024936341677,-0.4205770953851399,-0.4511817202332452,-0.1855900239260307,-0.168256399636915,-0.2544940876711947,0.0873471220015043,0.0993542211025146,-0.2545743394885689,0.0,0.0,0.0,1.0,0.0,0.0,0.0,0.0,0.0,0.0,0.0,0.0,0.0,0.0,0.0,0.0,0.0,0.0,0.0,1.0,0.0,0.0,0.0,0.0,0.0,1.0,0.0,1.0,0.0,1.0,0.0,0.0,0.0,0.0,0.0,0.0,0.0,0.0,0.0,0.0,1.0,1.0,0.0,0.0,0.0,0.0,0.0,0.0,0.0,0.0,0.0,1.0,1.0,0.0,0.0,0.0,0.0,0.0,0.0,0.0,0.0,0.0,None,476.0,591
175,175,175,-0.3287740803193977,-0.3951616202207962,-0.4772612610420485,-0.2860024936341677,-0.4205770953851399,-0.3785257565921707,-0.1855900239260307,-0.5810114286624547,-0.2544940876711947,-0.5709829890945674,-0.9415460216029446,-0.2876088618420574,0.0,1.0,0.0,0.0,0.0,0.0,0.0,0.0,0.0,0.0,0.0,0.0,0.0,0.0,0.0,0.0,0.0,0.0,0.0,1.0,0.0,0.0,0.0,0.0,0.0,1.0,0.0,1.0,0.0,1.0,0.0,0.0,0.0,0.0,0.0,0.0,0.0,0.0,0.0,0.0,1.0,1.0,0.0,1.0,0.0,0.0,0.0,0.0,0.0,0.0,0.0,0.0,1.0,0.0,0.0,0.0,0.0,0.0,0.0,0.0,0.0,0.0,1.5,445.0,568
176,176,176,0.3608367803985078,0.2107048381180113,-0.4772612610420485,-0.2860024936341677,-0.4205770953851399,-0.3785257565921707,-0.1855900239260307,-0.5810114286624547,-0.2544940876711947,-0.5709829890945674,-0.9415460216029446,-0.2619153444560108,0.0,1.0,0.0,0.0,0.0,0.0,0.0,0.0,0.0,0.0,0.0,0.0,0.0,0.0,0.0,0.0,0.0,0.0,0.0,1.0,0.0,0.0,0.0,0.0,0.0,1.0,0.0,1.0,0.0,1.0,0.0,0.0,0.0,0.0,0.0,0.0,0.0,0.0,0.0,0.0,1.0,1.0,0.0,1.0,0.0,0.0,0.0,0.0,0.0,0.0,0.0,0.0,1.0,0.0,0.0,0.0,0.0,0.0,0.0,0.0,0.0,0.0,2.5,543.0,589
177,177,177,1.0504476411164134,-0.5844948884516735,-0.3659023371857223,0.1105828374852358,-0.4205770953851399,-0.5964936475153945,-0.1855900239260307,-0.5810114286624547,-0.2544940876711947,-0.4315967726019384,1.5005660862829406,-0.2637505956978712,0.0,0.0,0.0,0.0,0.0,0.0,1.0,0.0,0.0,0.0,0.0,0.0,0.0,0.0,0.0,0.0,0.0,0.0,0.0,1.0,0.0,0.0,0.0,0.0,0.0,1.0,0.0,0.0,1.0,1.0,0.0,0.0,0.0,0.0,0.0,1.0,0.0,0.0,0.0,0.0,0.0,1.0,0.0,1.0,0.0,0.0,0.0,0.0,0.0,0.0,0.0,0.0,1.0,0.0,0.0,0.0,0.0,0.0,0.0,0.0,0.0,0.0,3,547.0,590
178,178,178,2.7744747929111777,0.8165712964568189,-0.0797099028749641,-0.2860024936341677,5.154669480895674,-0.5964936475153945,-0.1855900239260307,-0.5810114286624547,-0.2544940876711947,0.0689921932534725,1.6006526480815424,-0.2729268519071736,0.0,1.0,0.0,0.0,0.0,0.0,0.0,0.0,0.0,0.0,0.0,0.0,0.0,0.0,0.0,0.0,0.0,0.0,0.0,1.0,0.0,0.0,0.0,0.0,0.0,1.0,0.0,1.0,0.0,0.0,0.0,0.0,1.0,0.0,0.0,1.0,0.0,0.0,0.0,0.0,0.0,1.0,0.0,1.0,0.0,0.0,0.0,0.0,0.0,0.0,0.0,0.0,1.0,0.0,0.0,0.0,0.0,0.0,0.0,0.0,0.0,0.0,3.1,555.0,595
179,179,179,-0.5011767954988742,-0.6223615420978491,-0.0875050275449069,-0.2860024936341677,-0.1898772370562786,-0.5964936475153945,-0.1855900239260307,-0.5810114286624547,-0.2544940876711947,-0.2091127877773113,1.5005660862829406,-0.2729268519071736,0.0,1.0,0.0,0.0,0.0,0.0,0.0,0.0,0.0,0.0,0.0,0.0,0.0,0.0,0.0,0.0,0.0,0.0,0.0,1.0,0.0,0.0,0.0,0.0,0.0,1.0,0.0,1.0,0.0,0.0,0.0,1.0,0.0,0.0,0.0,1.0,0.0,0.0,0.0,0.0,0.0,1.0,0.0,1.0,0.0,0.0,0.0,0.0,0.0,0.0,0.0,0.0,1.0,0.0,0.0,0.0,0.0,0.0,0.0,0.0,0.0,0.0,4,525.0,558
180,180,180,0.3608367803985078,0.2107048381180113,-0.4772612610420485,-0.2860024936341677,-0.4205770953851399,-0.5238376838743198,-0.1855900239260307,-0.5810114286624547,-0.2544940876711947,-0.5900609907932791,-0.9415460216029446,0.4795261572556202,0.0,1.0,0.0,0.0,0.0,0.0,0.0,0.0,0.0,0.0,0.0,0.0,0.0,0.0,0.0,0.0,0.0,0.0,0.0,1.0,0.0,0.0,0.0,0.0,0.0,1.0,0.0,1.0,0.0,1.0,0.0,0.0,0.0,0.0,0.0,0.0,1.0,0.0,0.0,0.0,0.0,1.0,0.0,1.0,0.0,0.0,0.0,0.0,0.0,0.0,0.0,0.0,1.0,0.0,0.0,0.0,0.0,0.0,0.0,0.0,0.0,0.0,6.7,622.0,680
182,182,182,0.3608367803985078,-0.2383936741256297,0.0238538963114192,-0.2860024936341677,0.9636220545880276,-0.5964936475153945,-0.1855900239260307,-0.5810114286624547,-0.2544940876711947,-0.0978707953649977,0.0993542211025146,-0.2775149800118248,0.0,1.0,0.0,0.0,0.0,0.0,0.0,0.0,0.0,0.0,0.0,0.0,0.0,0.0,0.0,0.0,0.0,0.0,0.0,1.0,0.0,0.0,0.0,0.0,0.0,1.0,0.0,1.0,0.0,0.0,0.0,0.0,0.0,0.0,1.0,1.0,0.0,0.0,0.0,0.0,0.0,1.0,0.0,1.0,0.0,0.0,0.0,0.0,0.0,0.0,0.0,0.0,1.0,0.0,0.0,0.0,0.0,0.0,0.0,0.0,0.0,0.0,None,498.0,542
183,183,183,0.3608367803985078,-0.2383936741256297,0.0238538963114192,-0.2860024936341677,0.9636220545880276,-0.5964936475153945,-0.1855900239260307,-0.5810114286624547,-0.2544940876711947,-0.0978707953649977,0.0993542211025146,-0.2866912362211271,0.0,1.0,0.0,0.0,0.0,0.0,0.0,0.0,0.0,0.0,0.0,0.0,0.0,0.0,0.0,0.0,0.0,0.0,0.0,1.0,0.0,0.0,0.0,0.0,0.0,1.0,0.0,1.0,0.0,0.0,0.0,0.0,0.0,1.0,0.0,1.0,0.0,0.0,0.0,0.0,0.0,1.0,0.0,1.0,0.0,0.0,0.0,0.0,0.0,0.0,0.0,0.0,1.0,0.0,0.0,0.0,0.0,0.0,0.0,0.0,0.0,0.0,None,502.0,548
184,184,184,-0.5873781530886123,-0.6223615420978491,-0.1710242204371515,-0.2860024936341677,-0.4205770953851399,-0.5964936475153945,-0.1855900239260307,-0.4984604228573468,-0.2544940876711947,-0.2925442820865465,1.5005660862829406,-0.2729268519071736,0.0,0.0,0.0,0.0,0.0,0.0,1.0,0.0,0.0,0.0,0.0,0.0,0.0,0.0,0.0,0.0,0.0,0.0,0.0,1.0,0.0,0.0,0.0,0.0,0.0,1.0,0.0,1.0,0.0,1.0,0.0,0.0,0.0,0.0,0.0,1.0,0.0,0.0,0.0,0.0,0.0,1.0,0.0,0.0,0.0,0.0,0.0,0.0,0.0,0.0,1.0,0.0,1.0,0.0,0.0,0.0,0.0,0.0,0.0,0.0,0.0,0.0,None,500.0,550
185,185,185,0.3608367803985078,-0.2383936741256297,0.0238538963114192,-0.2860024936341677,0.9636220545880276,-0.5964936475153945,-0.1855900239260307,-0.5810114286624547,-0.2544940876711947,-0.0978707953649977,0.0993542211025146,-0.2866912362211271,0.0,1.0,0.0,0.0,0.0,0.0,0.0,0.0,0.0,0.0,0.0,0.0,0.0,0.0,0.0,0.0,0.0,0.0,0.0,1.0,0.0,0.0,0.0,0.0,0.0,1.0,0.0,1.0,0.0,0.0,0.0,1.0,0.0,0.0,0.0,1.0,0.0,0.0,0.0,0.0,0.0,1.0,0.0,1.0,0.0,0.0,0.0,0.0,0.0,0.0,0.0,0.0,1.0,0.0,0.0,0.0,0.0,0.0,0.0,0.0,0.0,0.0,None,512.0,554
186,186,186,0.3608367803985078,-0.2383936741256297,0.0238538963114192,-0.2860024936341677,0.9636220545880276,-0.5964936475153945,-0.1855900239260307,-0.5810114286624547,-0.2544940876711947,-0.0978707953649977,0.0993542211025146,-0.2775149800118248,0.0,1.0,0.0,0.0,0.0,0.0,0.0,0.0,0.0,0.0,0.0,0.0,0.0,0.0,0.0,0.0,0.0,0.0,0.0,1.0,0.0,0.0,0.0,0.0,0.0,1.0,0.0,1.0,0.0,0.0,0.0,0.0,1.0,0.0,0.0,1.0,0.0,0.0,0.0,0.0,0.0,1.0,0.0,1.0,0.0,0.0,0.0,0.0,0.0,0.0,0.0,0.0,1.0,0.0,0.0,0.0,0.0,0.0,0.0,0.0,0.0,0.0,None,512.0,558
187,187,187,-0.1563713651399213,-0.3951616202207962,-0.0875050275449069,0.1105828374852358,0.2715224796014439,-0.5964936475153945,-0.1855900239260307,0.4096006409988404,1.9002587474593189,-0.1534917915711545,0.2995273446997183,-0.2362218270699641,0.0,1.0,0.0,0.0,0.0,0.0,0.0,0.0,0.0,0.0,0.0,0.0,0.0,0.0,0.0,0.0,0.0,0.0,0.0,1.0,0.0,0.0,0.0,0.0,0.0,1.0,0.0,0.0,1.0,0.0,1.0,0.0,0.0,0.0,0.0,1.0,0.0,0.0,0.0,0.0,0.0,1.0,0.0,0.0,1.0,0.0,0.0,0.0,0.0,0.0,0.0,0.0,0.0,0.0,0.0,0.0,1.0,0.0,0.0,0.0,0.0,0.0,2,430.0,477
188,188,188,-0.1563713651399213,-0.3951616202207962,-0.0875050275449069,0.1105828374852358,0.2715224796014439,-0.5964936475153945,-0.1855900239260307,0.4096006409988404,-0.2544940876711947,-0.1534917915711545,0.2995273446997183,-0.2362218270699641,0.0,1.0,0.0,0.0,0.0,0.0,0.0,0.0,0.0,0.0,0.0,0.0,0.0,0.0,0.0,0.0,0.0,0.0,0.0,1.0,0.0,0.0,0.0,0.0,0.0,1.0,0.0,0.0,1.0,0.0,1.0,0.0,0.0,0.0,0.0,1.0,0.0,0.0,0.0,0.0,0.0,1.0,0.0,0.0,0.0,0.0,0.0,0.0,0.0,1.0,0.0,0.0,1.0,0.0,0.0,0.0,0.0,0.0,0.0,0.0,0.0,0.0,2,430.0,477
194,194,194,-0.5873781530886123,-0.6223615420978491,-0.2684632788114369,-0.2860024936341677,-0.0706823102530336,-0.5964936475153945,-0.1855900239260307,-0.4984604228573468,-0.2544940876711947,-0.3898810254473208,1.5005660862829406,-0.282103108116476,0.0,1.0,0.0,0.0,0.0,0.0,0.0,0.0,0.0,0.0,0.0,0.0,0.0,0.0,0.0,0.0,0.0,0.0,0.0,1.0,0.0,0.0,0.0,0.0,0.0,1.0,0.0,1.0,0.0,0.0,0.0,0.0,1.0,0.0,0.0,1.0,0.0,0.0,0.0,0.0,0.0,1.0,0.0,0.0,0.0,0.0,0.0,0.0,0.0,1.0,0.0,0.0,1.0,0.0,0.0,0.0,0.0,0.0,0.0,0.0,0.0,0.0,None,455.0,507
195,195,195,-0.5873781530886123,-0.6223615420978491,-0.2684632788114369,-0.2860024936341677,-0.3175311586649151,-0.5964936475153945,-0.1855900239260307,-0.4984604228573468,-0.2544940876711947,-0.3898810254473208,1.5005660862829406,-0.282103108116476,0.0,1.0,0.0,0.0,0.0,0.0,0.0,0.0,0.0,0.0,0.0,0.0,0.0,0.0,0.0,0.0,0.0,0.0,0.0,1.0,0.0,0.0,0.0,0.0,0.0,1.0,0.0,1.0,0.0,0.0,0.0,0.0,1.0,0.0,0.0,1.0,0.0,0.0,0.0,0.0,0.0,1.0,0.0,0.0,0.0,0.0,0.0,0.0,0.0,1.0,0.0,0.0,1.0,0.0,0.0,0.0,0.0,0.0,0.0,0.0,0.0,0.0,None,460.0,518
196,196,196,-0.5873781530886123,-0.6223615420978491,-0.2684632788114369,-0.2860024936341677,-0.3098411633872864,-0.5964936475153945,-0.1855900239260307,-0.4984604228573468,-0.2544940876711947,-0.3898810254473208,1.5005660862829406,-0.282103108116476,0.0,1.0,0.0,0.0,0.0,0.0,0.0,0.0,0.0,0.0,0.0,0.0,0.0,0.0,0.0,0.0,0.0,0.0,0.0,1.0,0.0,0.0,0.0,0.0,0.0,1.0,0.0,1.0,0.0,0.0,0.0,0.0,1.0,0.0,0.0,1.0,0.0,0.0,0.0,0.0,0.0,1.0,0.0,0.0,0.0,0.0,0.0,0.0,0.0,1.0,0.0,0.0,1.0,0.0,0.0,0.0,0.0,0.0,0.0,0.0,0.0,0.0,None,457.0,522
197,197,197,-0.5873781530886123,-0.6223615420978491,-0.2684632788114369,-0.2860024936341677,-0.3021511681096577,-0.5964936475153945,-0.1855900239260307,-0.4984604228573468,-0.2544940876711947,-0.3898810254473208,1.5005660862829406,-0.282103108116476,0.0,1.0,0.0,0.0,0.0,0.0,0.0,0.0,0.0,0.0,0.0,0.0,0.0,0.0,0.0,0.0,0.0,0.0,0.0,1.0,0.0,0.0,0.0,0.0,0.0,1.0,0.0,1.0,0.0,0.0,0.0,0.0,1.0,0.0,0.0,1.0,0.0,0.0,0.0,0.0,0.0,1.0,0.0,0.0,0.0,0.0,0.0,0.0,0.0,1.0,0.0,0.0,1.0,0.0,0.0,0.0,0.0,0.0,0.0,0.0,0.0,0.0,None,456.0,525
198,198,198,-0.5873781530886123,-0.6223615420978491,-0.2684632788114369,-0.2860024936341677,-0.3252211539425438,-0.5964936475153945,-0.1855900239260307,-0.4984604228573468,-0.2544940876711947,-0.3898810254473208,1.5005660862829406,-0.282103108116476,0.0,1.0,0.0,0.0,0.0,0.0,0.0,0.0,0.0,0.0,0.0,0.0,0.0,0.0,0.0,0.0,0.0,0.0,0.0,1.0,0.0,0.0,0.0,0.0,0.0,1.0,0.0,1.0,0.0,0.0,0.0,0.0,1.0,0.0,0.0,1.0,0.0,0.0,0.0,0.0,0.0,1.0,0.0,0.0,0.0,0.0,0.0,0.0,0.0,1.0,0.0,0.0,1.0,0.0,0.0,0.0,0.0,0.0,0.0,0.0,0.0,0.0,None,470.0,530
199,199,199,-0.60461842460656,-0.6375082035563193,-0.2545434133293962,-0.2860024936341677,-0.3206071567759666,-0.5412751151481778,-0.1855900239260307,-0.5810114286624547,-0.2544940876711947,-0.3724716536347938,-0.5011651496890965,-0.2637505956978712,0.0,1.0,0.0,0.0,0.0,0.0,0.0,0.0,0.0,0.0,0.0,0.0,0.0,0.0,0.0,0.0,0.0,0.0,0.0,1.0,0.0,0.0,0.0,0.0,0.0,1.0,0.0,1.0,0.0,0.0,0.0,1.0,0.0,0.0,0.0,0.0,0.0,0.0,0.0,1.0,0.0,1.0,0.0,1.0,0.0,0.0,0.0,0.0,0.0,0.0,0.0,0.0,1.0,0.0,0.0,0.0,0.0,0.0,0.0,0.0,0.0,0.0,2.1,460.0,590
200,200,200,0.1884340652190315,0.0592382235333095,-0.5886201848983746,-0.2860024936341677,-0.4205770953851399,-0.5964936475153945,5.45084773975342,1.070008687439704,-0.2544940876711947,-0.7030272340879835,-0.901511396883504,-0.2362218270699641,0.0,1.0,0.0,0.0,0.0,0.0,0.0,0.0,0.0,0.0,0.0,0.0,0.0,0.0,0.0,0.0,0.0,0.0,0.0,1.0,0.0,0.0,0.0,0.0,0.0,1.0,0.0,1.0,0.0,1.0,0.0,0.0,0.0,0.0,0.0,1.0,0.0,0.0,0.0,0.0,0.0,0.0,1.0,0.0,0.0,0.0,0.0,0.0,1.0,0.0,0.0,0.0,1.0,0.0,0.0,0.0,0.0,0.0,0.0,0.0,0.0,0.0,None,516.8956386445969,500
201,201,201,0.1884340652190315,0.0592382235333095,-0.5886201848983746,-0.2860024936341677,-0.4205770953851399,-0.5964936475153945,5.45084773975342,1.070008687439704,-0.2544940876711947,-0.7030272340879835,-0.901511396883504,-0.1811642898141499,0.0,1.0,0.0,0.0,0.0,0.0,0.0,0.0,0.0,0.0,0.0,0.0,0.0,0.0,0.0,0.0,0.0,0.0,0.0,1.0,0.0,0.0,0.0,0.0,0.0,1.0,0.0,1.0,0.0,1.0,0.0,0.0,0.0,0.0,0.0,1.0,0.0,0.0,0.0,0.0,0.0,0.0,1.0,0.0,0.0,0.0,0.0,0.0,1.0,0.0,0.0,0.0,1.0,0.0,0.0,0.0,0.0,0.0,0.0,0.0,0.0,0.0,None,543.8846728902355,520
202,202,202,0.1884340652190315,0.0592382235333095,-0.5886201848983746,-0.2860024936341677,-0.4205770953851399,-0.5964936475153945,5.45084773975342,1.070008687439704,-0.2544940876711947,-0.7030272340879835,-0.901511396883504,-0.0710492153025215,0.0,1.0,0.0,0.0,0.0,0.0,0.0,0.0,0.0,0.0,0.0,0.0,0.0,0.0,0.0,0.0,0.0,0.0,0.0,1.0,0.0,0.0,0.0,0.0,0.0,1.0,0.0,1.0,0.0,1.0,0.0,0.0,0.0,0.0,0.0,1.0,0.0,0.0,0.0,0.0,0.0,0.0,1.0,0.0,0.0,0.0,0.0,0.0,1.0,0.0,0.0,0.0,1.0,0.0,0.0,0.0,0.0,0.0,0.0,0.0,0.0,0.0,None,543.9760077162524,538
203,203,203,0.1884340652190315,0.0592382235333095,-0.5886201848983746,-0.2860024936341677,-0.4205770953851399,-0.5964936475153945,5.45084773975342,1.070008687439704,-0.2544940876711947,-0.7030272340879835,-0.5011651496890965,-0.2224574427560106,0.0,1.0,0.0,0.0,0.0,0.0,0.0,0.0,0.0,0.0,0.0,0.0,0.0,0.0,0.0,0.0,0.0,0.0,0.0,1.0,0.0,0.0,0.0,0.0,0.0,1.0,0.0,1.0,0.0,1.0,0.0,0.0,0.0,0.0,0.0,1.0,0.0,0.0,0.0,0.0,0.0,0.0,1.0,0.0,0.0,0.0,0.0,0.0,1.0,0.0,0.0,0.0,1.0,0.0,0.0,0.0,0.0,0.0,0.0,0.0,0.0,0.0,None,516.8956386445969,540
204,204,204,0.1884340652190315,0.0592382235333095,-0.5886201848983746,-0.2860024936341677,-0.4205770953851399,-0.5964936475153945,5.45084773975342,1.070008687439704,-0.2544940876711947,-0.7030272340879835,1.1002198390885332,-0.2637505956978712,0.0,1.0,0.0,0.0,0.0,0.0,0.0,0.0,0.0,0.0,0.0,0.0,0.0,0.0,0.0,0.0,0.0,0.0,0.0,1.0,0.0,0.0,0.0,0.0,0.0,1.0,0.0,1.0,0.0,1.0,0.0,0.0,0.0,0.0,0.0,1.0,0.0,0.0,0.0,0.0,0.0,0.0,1.0,0.0,0.0,0.0,0.0,0.0,1.0,0.0,0.0,0.0,1.0,0.0,0.0,0.0,0.0,0.0,0.0,0.0,0.0,0.0,None,526.2916868337136,590
205,205,205,0.1884340652190315,0.0592382235333095,-0.5886201848983746,-0.2860024936341677,-0.4205770953851399,-0.5964936475153945,5.45084773975342,1.070008687439704,-0.2544940876711947,-0.7030272340879835,1.1002198390885332,-0.1811642898141499,0.0,1.0,0.0,0.0,0.0,0.0,0.0,0.0,0.0,0.0,0.0,0.0,0.0,0.0,0.0,0.0,0.0,0.0,0.0,1.0,0.0,0.0,0.0,0.0,0.0,1.0,0.0,1.0,0.0,1.0,0.0,0.0,0.0,0.0,0.0,1.0,0.0,0.0,0.0,0.0,0.0,0.0,1.0,0.0,0.0,0.0,0.0,0.0,1.0,0.0,0.0,0.0,1.0,0.0,0.0,0.0,0.0,0.0,0.0,0.0,0.0,0.0,None,553.2392474011709,600
206,206,206,2.7744747929111777,0.8165712964568189,0.3022512059522346,-0.2860024936341677,5.154669480895674,-0.5964936475153945,-0.1855900239260307,-0.5810114286624547,-0.2544940876711947,0.1802341856657861,1.200306400887135,-0.2729268519071736,0.0,1.0,0.0,0.0,0.0,0.0,0.0,0.0,0.0,0.0,0.0,0.0,0.0,0.0,0.0,0.0,0.0,0.0,0.0,1.0,0.0,0.0,0.0,0.0,0.0,1.0,0.0,1.0,0.0,0.0,0.0,1.0,0.0,0.0,0.0,1.0,0.0,0.0,0.0,0.0,0.0,1.0,0.0,1.0,0.0,0.0,0.0,0.0,0.0,0.0,0.0,0.0,1.0,0.0,0.0,0.0,0.0,0.0,0.0,0.0,0.0,0.0,2.4,530.0,579
208,208,208,-0.5873781530886123,-0.546628234805498,-0.3102228752575592,-0.2860024936341677,-0.4167320977463255,-0.5674312620589645,-0.1855900239260307,-0.5727563280819439,-0.2544940876711947,-0.4287044807992183,0.0993542211025146,-0.2729268519071736,0.0,0.0,0.0,1.0,0.0,0.0,0.0,0.0,0.0,0.0,0.0,0.0,0.0,0.0,0.0,0.0,0.0,0.0,0.0,1.0,0.0,0.0,0.0,0.0,0.0,1.0,0.0,1.0,0.0,0.0,0.0,0.0,0.0,0.0,1.0,0.0,0.0,0.0,1.0,0.0,0.0,1.0,0.0,0.0,0.0,0.0,0.0,0.0,0.0,0.0,0.0,1.0,1.0,0.0,0.0,0.0,0.0,0.0,0.0,0.0,0.0,0.0,3.2,555.0,645
209,209,209,-0.5011767954988742,-0.6223615420978491,-0.0875050275449069,-0.0877098280744659,-0.1898772370562786,-0.5964936475153945,-0.1855900239260307,-0.5810114286624547,-0.2544940876711947,-0.1813022896742329,1.1002198390885332,-0.2729268519071736,0.0,1.0,0.0,0.0,0.0,0.0,0.0,0.0,0.0,0.0,0.0,0.0,0.0,0.0,0.0,0.0,0.0,0.0,0.0,1.0,0.0,0.0,0.0,0.0,0.0,1.0,0.0,0.0,1.0,0.0,0.0,0.0,0.0,1.0,0.0,1.0,0.0,0.0,0.0,0.0,0.0,1.0,0.0,1.0,0.0,0.0,0.0,0.0,0.0,0.0,0.0,0.0,1.0,0.0,0.0,0.0,0.0,0.0,0.0,0.0,0.0,0.0,3.26,584.0,615
210,210,210,-0.2856734015245286,0.5136380672874153,-0.0318255656167438,-0.2860024936341677,-0.2475522016384939,0.7113136980239481,-0.1855900239260307,1.23511069904992,-0.2544940876711947,0.0112575991914818,-1.502030767675115,-0.2637505956978712,0.0,0.0,0.0,1.0,0.0,0.0,0.0,0.0,0.0,0.0,0.0,0.0,0.0,0.0,0.0,0.0,1.0,0.0,0.0,0.0,0.0,0.0,0.0,0.0,0.0,1.0,0.0,1.0,0.0,0.0,0.0,1.0,0.0,0.0,0.0,0.0,0.0,0.0,0.0,0.0,1.0,1.0,0.0,0.0,0.0,0.0,0.0,1.0,0.0,0.0,0.0,0.0,1.0,0.0,0.0,0.0,0.0,0.0,0.0,0.0,0.0,0.0,None,405.0,470
211,211,211,-0.2856734015245286,0.5136380672874153,-0.0318255656167438,-0.2860024936341677,0.098497585854798,0.7113136980239481,-0.1855900239260307,1.23511069904992,-0.2544940876711947,0.0112575991914818,-1.502030767675115,-0.2637505956978712,0.0,0.0,0.0,1.0,0.0,0.0,0.0,0.0,0.0,0.0,0.0,0.0,0.0,0.0,0.0,0.0,1.0,0.0,0.0,0.0,0.0,0.0,0.0,0.0,0.0,1.0,0.0,1.0,0.0,0.0,0.0,1.0,0.0,0.0,0.0,0.0,0.0,0.0,0.0,0.0,1.0,1.0,0.0,0.0,0.0,0.0,0.0,1.0,0.0,0.0,0.0,0.0,1.0,0.0,0.0,0.0,0.0,0.0,0.0,0.0,0.0,0.0,None,416.0,475
212,212,212,-0.2856734015245286,0.5136380672874153,-0.0318255656167438,-0.2860024936341677,0.098497585854798,0.7113136980239481,-0.1855900239260307,1.23511069904992,-0.2544940876711947,0.0112575991914818,-1.502030767675115,-0.2637505956978712,0.0,0.0,0.0,1.0,0.0,0.0,0.0,0.0,0.0,0.0,0.0,0.0,0.0,0.0,0.0,0.0,1.0,0.0,0.0,0.0,0.0,0.0,0.0,0.0,0.0,1.0,0.0,1.0,0.0,0.0,0.0,1.0,0.0,0.0,0.0,0.0,0.0,0.0,0.0,0.0,1.0,1.0,0.0,0.0,0.0,1.0,0.0,0.0,0.0,0.0,0.0,0.0,1.0,0.0,0.0,0.0,0.0,0.0,0.0,0.0,0.0,0.0,None,448.0,501
213,213,213,-0.2856734015245286,0.5136380672874153,-0.0318255656167438,-0.2860024936341677,-0.2475522016384939,0.7113136980239481,-0.1855900239260307,1.23511069904992,-0.2544940876711947,0.0112575991914818,-1.502030767675115,-0.2637505956978712,0.0,0.0,0.0,1.0,0.0,0.0,0.0,0.0,0.0,0.0,0.0,0.0,0.0,0.0,0.0,0.0,1.0,0.0,0.0,0.0,0.0,0.0,0.0,0.0,0.0,1.0,0.0,1.0,0.0,0.0,0.0,1.0,0.0,0.0,0.0,0.0,0.0,0.0,0.0,0.0,1.0,1.0,0.0,0.0,0.0,1.0,0.0,0.0,0.0,0.0,0.0,0.0,1.0,0.0,0.0,0.0,0.0,0.0,0.0,0.0,0.0,0.0,None,439.0,502
214,214,214,-0.2856734015245286,0.5136380672874153,-0.0318255656167438,-0.2860024936341677,-0.2475522016384939,0.7113136980239481,-0.1855900239260307,1.23511069904992,-0.2544940876711947,0.0112575991914818,-1.502030767675115,-0.2637505956978712,0.0,0.0,0.0,1.0,0.0,0.0,0.0,0.0,0.0,0.0,0.0,0.0,0.0,0.0,0.0,0.0,1.0,0.0,0.0,0.0,0.0,0.0,0.0,0.0,0.0,1.0,0.0,1.0,0.0,0.0,0.0,1.0,0.0,0.0,0.0,0.0,0.0,0.0,0.0,0.0,1.0,1.0,0.0,0.0,0.0,0.0,1.0,0.0,0.0,0.0,0.0,0.0,1.0,0.0,0.0,0.0,0.0,0.0,0.0,0.0,0.0,0.0,None,515.0,551
215,215,215,-0.2856734015245286,0.5136380672874153,-0.0318255656167438,-0.2860024936341677,0.098497585854798,0.7113136980239481,-0.1855900239260307,1.23511069904992,-0.2544940876711947,0.0112575991914818,-1.502030767675115,-0.2637505956978712,0.0,0.0,0.0,1.0,0.0,0.0,0.0,0.0,0.0,0.0,0.0,0.0,0.0,0.0,0.0,0.0,1.0,0.0,0.0,0.0,0.0,0.0,0.0,0.0,0.0,1.0,0.0,1.0,0.0,0.0,0.0,1.0,0.0,0.0,0.0,0.0,0.0,0.0,0.0,0.0,1.0,1.0,0.0,0.0,0.0,0.0,1.0,0.0,0.0,0.0,0.0,0.0,1.0,0.0,0.0,0.0,0.0,0.0,0.0,0.0,0.0,0.0,None,508.0,555
216,216,216,0.1884340652190315,0.0592382235333095,-0.5886201848983746,-0.2860024936341677,-0.4205770953851399,-0.5964936475153945,5.45084773975342,1.070008687439704,-0.2544940876711947,-0.7030272340879835,0.0993542211025146,-0.2637505956978712,0.0,1.0,0.0,0.0,0.0,0.0,0.0,0.0,0.0,0.0,0.0,0.0,0.0,0.0,0.0,0.0,0.0,0.0,0.0,1.0,0.0,0.0,0.0,0.0,0.0,1.0,0.0,1.0,0.0,1.0,0.0,0.0,0.0,0.0,0.0,1.0,0.0,0.0,0.0,0.0,0.0,0.0,1.0,0.0,0.0,0.0,0.0,0.0,1.0,0.0,0.0,0.0,1.0,0.0,0.0,0.0,0.0,0.0,0.0,0.0,0.0,0.0,None,527.0877908776334,560
217,217,217,-0.5873781530886123,-0.6223615420978491,-0.4772612610420485,-0.2860024936341677,-0.3821271189969963,-0.5674312620589645,-0.1855900239260307,-0.5149706240183684,-0.2544940876711947,-0.5955674694176887,0.2995273446997183,-0.2729268519071736,0.0,0.0,0.0,1.0,0.0,0.0,0.0,0.0,0.0,0.0,0.0,0.0,0.0,0.0,0.0,0.0,0.0,0.0,0.0,1.0,0.0,0.0,0.0,0.0,0.0,1.0,0.0,1.0,0.0,0.0,0.0,0.0,0.0,0.0,1.0,0.0,0.0,0.0,1.0,0.0,0.0,1.0,0.0,0.0,0.0,0.0,0.0,0.0,0.0,0.0,0.0,1.0,1.0,0.0,0.0,0.0,0.0,0.0,0.0,0.0,0.0,0.0,None,570.0,630
218,218,218,-0.5873781530886123,-0.6223615420978491,-0.0875050275449069,-0.2860024936341677,-0.3052271662207092,-0.5964936475153945,-0.1855900239260307,-0.4736951211158144,-0.2544940876711947,-0.2091127877773113,1.5005660862829406,-0.282103108116476,0.0,1.0,0.0,0.0,0.0,0.0,0.0,0.0,0.0,0.0,0.0,0.0,0.0,0.0,0.0,0.0,0.0,0.0,0.0,1.0,0.0,0.0,0.0,0.0,0.0,1.0,0.0,1.0,0.0,0.0,0.0,0.0,1.0,0.0,0.0,1.0,0.0,0.0,0.0,0.0,0.0,1.0,0.0,0.0,0.0,0.0,0.0,0.0,0.0,1.0,0.0,0.0,1.0,0.0,0.0,0.0,0.0,0.0,0.0,0.0,0.0,0.0,None,460.0,480
221,221,221,-0.5011767954988742,-0.5542015655347331,0.1908922820959084,-0.2860024936341677,-0.1898772370562786,-0.5964936475153945,-0.1855900239260307,-0.5810114286624547,-0.2544940876711947,0.0689921932534725,0.2995273446997183,-0.2729268519071736,0.0,1.0,0.0,0.0,0.0,0.0,0.0,0.0,0.0,0.0,0.0,0.0,0.0,1.0,0.0,0.0,0.0,0.0,0.0,0.0,0.0,0.0,0.0,0.0,0.0,1.0,0.0,1.0,0.0,0.0,0.0,1.0,0.0,0.0,0.0,1.0,0.0,0.0,0.0,0.0,0.0,1.0,0.0,1.0,0.0,0.0,0.0,0.0,0.0,0.0,0.0,0.0,1.0,0.0,0.0,0.0,0.0,0.0,0.0,0.0,0.0,0.0,None,590.0,610
222,222,222,-0.4149754379091359,-0.4708949275131472,-0.14318448947307,-0.2860024936341677,-0.2898471756654517,-0.506400252600462,-0.1855900239260307,-0.3333584112471309,-0.2544940876711947,-0.253387100757412,-0.3009920260918928,-0.2729268519071736,0.0,0.0,0.0,1.0,0.0,0.0,0.0,0.0,0.0,0.0,0.0,0.0,0.0,0.0,0.0,0.0,0.0,0.0,0.0,1.0,0.0,0.0,0.0,0.0,0.0,1.0,0.0,1.0,0.0,0.0,0.0,0.0,1.0,0.0,0.0,0.0,0.0,0.0,0.0,0.0,1.0,1.0,0.0,0.0,0.0,0.0,0.0,0.0,0.0,0.0,0.0,1.0,1.0,0.0,0.0,0.0,0.0,0.0,0.0,0.0,0.0,0.0,1.95,595.0,620
229,229,229,0.886665061695911,1.384571101149451,-0.3659023371857223,-0.2860024936341677,-0.4205770953851399,3.326928389102633,-0.1855900239260307,-0.5810114286624547,-0.2544940876711947,-0.1424788343223354,-0.901511396883504,1.030101529813762,0.0,0.0,0.0,1.0,0.0,0.0,0.0,0.0,0.0,0.0,0.0,0.0,0.0,0.0,0.0,0.0,0.0,1.0,0.0,0.0,0.0,0.0,0.0,0.0,0.0,0.0,1.0,1.0,0.0,1.0,0.0,0.0,0.0,0.0,0.0,0.0,0.0,1.0,0.0,0.0,0.0,1.0,0.0,1.0,0.0,0.0,0.0,0.0,0.0,0.0,0.0,0.0,1.0,0.0,0.0,0.0,0.0,0.0,0.0,0.0,0.0,0.0,3.2,599.0,590
232,232,232,1.3349121211625496,1.5739043693803283,-0.6442996468265377,4.056869362446442,-0.4205770953851399,-0.5964936475153945,-0.1855900239260307,-0.5810114286624547,0.6532953011034776,-0.0999843932208317,0.499700468296922,3.672863318092844,0.0,0.0,0.0,0.0,0.0,0.0,0.0,1.0,0.0,0.0,0.0,0.0,0.0,0.0,0.0,0.0,0.0,0.0,0.0,1.0,0.0,0.0,1.0,0.0,0.0,0.0,0.0,0.0,1.0,1.0,0.0,0.0,0.0,0.0,0.0,1.0,0.0,0.0,0.0,0.0,0.0,1.0,0.0,1.0,0.0,0.0,0.0,0.0,0.0,0.0,0.0,0.0,0.0,0.0,0.0,0.0,0.0,0.0,0.0,1.0,0.0,0.0,2.6,517.0,600
235,235,235,1.3349121211625496,1.5739043693803283,-0.6442996468265377,4.056869362446442,-0.4205770953851399,-0.5964936475153945,-0.1855900239260307,-0.5810114286624547,0.6532953011034776,-0.0999843932208317,0.6998735918941258,3.672863318092844,0.0,0.0,0.0,0.0,0.0,0.0,0.0,1.0,0.0,0.0,0.0,0.0,0.0,0.0,0.0,0.0,0.0,0.0,0.0,1.0,0.0,0.0,1.0,0.0,0.0,0.0,0.0,0.0,1.0,1.0,0.0,0.0,0.0,0.0,0.0,1.0,0.0,0.0,0.0,0.0,0.0,1.0,0.0,1.0,0.0,0.0,0.0,0.0,0.0,0.0,0.0,0.0,0.0,0.0,0.0,0.0,0.0,0.0,0.0,1.0,0.0,0.0,3,577.0,646
236,236,236,1.3349121211625496,1.5739043693803283,-0.6442996468265377,4.056869362446442,-0.4205770953851399,-0.5964936475153945,-0.1855900239260307,-0.5810114286624547,0.6532953011034776,-0.0999843932208317,0.9000467154913294,3.672863318092844,0.0,0.0,0.0,0.0,0.0,0.0,0.0,1.0,0.0,0.0,0.0,0.0,0.0,0.0,0.0,0.0,0.0,0.0,0.0,1.0,0.0,0.0,1.0,0.0,0.0,0.0,0.0,0.0,1.0,1.0,0.0,0.0,0.0,0.0,0.0,1.0,0.0,0.0,0.0,0.0,0.0,1.0,0.0,1.0,0.0,0.0,0.0,0.0,0.0,0.0,0.0,0.0,0.0,0.0,0.0,0.0,0.0,0.0,0.0,1.0,0.0,0.0,3.5,590.0,677
238,238,238,1.3349121211625496,1.5739043693803283,-0.6442996468265377,4.056869362446442,-0.4205770953851399,-0.5964936475153945,-0.1855900239260307,-0.5810114286624547,0.6532953011034776,-0.0999843932208317,1.1002198390885332,3.672863318092844,0.0,0.0,0.0,0.0,0.0,0.0,0.0,1.0,0.0,0.0,0.0,0.0,0.0,0.0,0.0,0.0,0.0,0.0,0.0,1.0,0.0,0.0,1.0,0.0,0.0,0.0,0.0,0.0,1.0,1.0,0.0,0.0,0.0,0.0,0.0,1.0,0.0,0.0,0.0,0.0,0.0,1.0,0.0,1.0,0.0,0.0,0.0,0.0,0.0,0.0,0.0,0.0,0.0,0.0,0.0,0.0,0.0,0.0,0.0,1.0,0.0,0.0,4.2,626.0,729
240,240,240,1.3349121211625496,1.5739043693803283,-0.6442996468265377,4.056869362446442,-0.4205770953851399,-0.5964936475153945,-0.1855900239260307,-0.5810114286624547,0.6532953011034776,-0.0999843932208317,1.300392962685737,3.672863318092844,0.0,0.0,0.0,0.0,0.0,0.0,0.0,1.0,0.0,0.0,0.0,0.0,0.0,0.0,0.0,0.0,0.0,0.0,0.0,1.0,0.0,0.0,1.0,0.0,0.0,0.0,0.0,0.0,1.0,1.0,0.0,0.0,0.0,0.0,0.0,1.0,0.0,0.0,0.0,0.0,0.0,1.0,0.0,1.0,0.0,0.0,0.0,0.0,0.0,0.0,0.0,0.0,0.0,0.0,0.0,0.0,0.0,0.0,0.0,1.0,0.0,0.0,4.8,689.0,765
241,241,241,1.3349121211625496,1.5739043693803283,-0.6442996468265377,4.056869362446442,-0.4205770953851399,-0.5964936475153945,-0.1855900239260307,-0.5810114286624547,0.6532953011034776,-0.0999843932208317,1.5005660862829406,3.672863318092844,0.0,0.0,0.0,0.0,0.0,0.0,0.0,1.0,0.0,0.0,0.0,0.0,0.0,0.0,0.0,0.0,0.0,0.0,0.0,1.0,0.0,0.0,1.0,0.0,0.0,0.0,0.0,0.0,1.0,1.0,0.0,0.0,0.0,0.0,0.0,1.0,0.0,0.0,0.0,0.0,0.0,1.0,0.0,1.0,0.0,0.0,0.0,0.0,0.0,0.0,0.0,0.0,0.0,0.0,0.0,0.0,0.0,0.0,0.0,1.0,0.0,0.0,6,729.0,775
242,242,242,2.946877508090654,0.8695846115614645,-0.6442996468265377,2.093509493436017,-0.4205770953851399,-0.5964936475153945,-0.1855900239260307,-0.5810114286624547,9.721213481379907,0.1864637372408756,1.1002198390885332,3.672863318092844,1.0,0.0,0.0,0.0,0.0,0.0,0.0,0.0,0.0,0.0,0.0,0.0,0.0,0.0,0.0,0.0,0.0,0.0,0.0,1.0,0.0,0.0,1.0,0.0,0.0,0.0,0.0,0.0,1.0,1.0,0.0,0.0,0.0,0.0,0.0,1.0,0.0,0.0,0.0,0.0,0.0,1.0,0.0,1.0,0.0,0.0,0.0,0.0,0.0,0.0,0.0,0.0,0.0,0.0,0.0,0.0,0.0,0.0,0.0,1.0,0.0,0.0,None,599.0,612
243,243,243,1.2745711708497327,0.8165712964568189,-0.6442996468265377,2.88668015638235,-0.4205770953851399,-0.5964936475153945,-0.1855900239260307,-0.5810114286624547,0.4906912678114411,-0.2741893533385147,0.9000467154913294,0.7548138435346912,0.0,0.0,0.0,1.0,0.0,0.0,0.0,0.0,0.0,0.0,0.0,0.0,0.0,0.0,0.0,0.0,0.0,0.0,0.0,1.0,0.0,0.0,1.0,0.0,0.0,0.0,0.0,0.0,1.0,1.0,0.0,0.0,0.0,0.0,0.0,1.0,0.0,0.0,0.0,0.0,0.0,1.0,0.0,1.0,0.0,0.0,0.0,0.0,0.0,0.0,0.0,0.0,0.0,0.0,0.0,0.0,0.0,0.0,0.0,1.0,0.0,0.0,5,633.0,653
244,244,244,-0.5873781530886123,-0.6223615420978491,-0.6442996468265377,1.69692416196285,-0.4205770953851399,-0.5964936475153945,-0.1855900239260307,1.070008687439704,-0.2544940876711947,-0.4872177688080952,1.1002198390885332,-0.2362218270699641,0.0,0.0,0.0,1.0,0.0,0.0,0.0,0.0,0.0,0.0,0.0,0.0,0.0,0.0,0.0,0.0,0.0,0.0,0.0,1.0,0.0,0.0,1.0,0.0,0.0,0.0,0.0,0.0,1.0,1.0,0.0,0.0,0.0,0.0,0.0,1.0,0.0,0.0,0.0,0.0,0.0,1.0,0.0,0.0,0.0,0.0,0.0,0.0,0.0,1.0,0.0,0.0,1.0,0.0,0.0,0.0,0.0,0.0,0.0,0.0,0.0,0.0,2.3,423.0,485
